<Root>
 <ERASE_MEM_AREA>
	  <ERASE_AREA Index="1" StartAddress="0x80040000" EndAddress="0x80047FFF" Length="0x00008000" />
	  <ERASE_AREA Index="2" StartAddress="0x80048000" EndAddress="0x803FFFFF" Length="0x003B8000" />
  </ERASE_MEM_AREA>
  <CANID>
		<SEND_CAN_ID ID="0x740"/>
		<RECV_CAN_ID ID="0x748"/>
		<FUNC_CAN_ID ID="0x7DF"/>
  </CANID>
  <DRIVE_MEM_AREA>
    <DRIVE_AREA  Index="1" StartAddress="0x70102000" EndAddress="0x70109FFF" Length="0x00004000"/>
  </DRIVE_MEM_AREA>
</Root>