<?xml version="1.0"?>
<info locale="device_locale_strings.xml">
	<device>
		<value>0</value>
		<meta>
			<type>options.int32</type>
			<desc>设备索引</desc>
			<visible>false</visible>
			<options>
				<option type="int32" value="0" desc="0"></option>
				<option type="int32" value="1" desc="1"></option>
				<option type="int32" value="2" desc="2"></option>
				<option type="int32" value="3" desc="3"></option>
				<option type="int32" value="4" desc="4"></option>
				<option type="int32" value="5" desc="5"></option>
				<option type="int32" value="6" desc="6"></option>
				<option type="int32" value="7" desc="7"></option>
				<option type="int32" value="8" desc="8"></option>
			</options>
		</meta>
	</device>
	<channel>
		<value>0</value>
		<meta>
			<visible>false</visible>
			<type>options.int32</type>
			<desc>通道号</desc>
			<options>
				<option type="int32" value="0" desc="Channel 0"></option>
			</options>
		</meta>
		<channel_0 stream="channel_0" case="parent-value=0">
			<baud_rate flag="0x0046" at_initcan="pre">
				<value>1000000</value>
				<meta>
					<type>options.int32</type>
					<desc>波特率</desc>
					<options>
						<option type="int32" value="1000000" desc="1000kbps"></option>
						<option type="int32" value="800000" desc="800kbps"></option>
						<option type="int32" value="500000" desc="500kbps"></option>
						<option type="int32" value="250000" desc="250kbps"></option>
						<option type="int32" value="125000" desc="125kbps"></option>
						<option type="int32" value="100000" desc="100kbps"></option>
						<option type="int32" value="50000" desc="50kbps"></option>
						<option type="int32" value="20000" desc="20kbps"></option>
						<option type="int32" value="10000" desc="10kbps"></option>
						<option type="int32" value="5000" desc="5kbps"></option>
					</options>
				</meta>
			</baud_rate>
			<initenal_resistance flag="0x0041" at_initcan="pre">
				<value>1</value>
				<meta>
					<type>options.int32</type>
					<desc>终端电阻</desc>
					<options>
						<option type="int32" value="0" desc="disable"></option>
						<option type="int32" value="1" desc="enable"></option>
					</options>
				</meta>
			</initenal_resistance>
		</channel_0>
	</channel>
</info>
