<!--NodeType> complement !=FFFF is complement byte</NodeType-->
<?xml version="1.0" encoding="UTF-8" standalone="yes"?>
<MCUGroup series = "GD32A501">
    <Flash McuPartNo = "GD32A501XCXX" baseAddress="0x08000000" Size = "256">
	    <pageGroup pageNumber = "256">
            <Page startIndex= "0" endIndex = "255" startAddress = "0x08000000" endAddress = "0x0803FFFF" pageSize = "1024" bank = "0"/>
        </pageGroup>
    </Flash>
	<Flash McuPartNo = "GD32A501XBXX" baseAddress="0x08000000" Size = "128">
	    <pageGroup pageNumber = "128">
            <Page startIndex= "0" endIndex = "127" startAddress = "0x08000000" endAddress = "0x0801FFFF" pageSize = "1024" bank = "0"/>
        </pageGroup>
    </Flash>
</MCUGroup>