<!--NodeType> complement !=FFFF is complement byte</NodeType-->
<?xml version="1.0" encoding="UTF-8" standalone="yes"?>
<MCUGroup series = "GD32L233">
	<Flash McuPartNo = "GD32L233X8XX" baseAddress="0x08000000" Size = "64">
	    <pageGroup pageNumber = "64">
            <Page startIndex= "0" endIndex = "63" startAddress = "0x08000000" endAddress = "0x0800FFFF" pageSize = "1024" bank = "0"/>
        </pageGroup>
    </Flash>
	<Flash McuPartNo = "GD32L233XBXX" baseAddress="0x08000000" Size = "128">
	    <pageGroup pageNumber = "64">
            <Page startIndex= "0" endIndex = "63" startAddress = "0x08000000" endAddress = "0x0801FFFF" pageSize = "2048" bank = "0"/>
        </pageGroup>
    </Flash>
	<Flash McuPartNo = "GD32L233XCXX" baseAddress="0x08000000" Size = "256">
	    <pageGroup pageNumber = "64">
            <Page startIndex= "0" endIndex = "63" startAddress = "0x08000000" endAddress = "0x0803FFFF" pageSize = "4096" bank = "0"/>
        </pageGroup>
    </Flash>
</MCUGroup>