<?xml version="1.0" encoding="utf-8" ?>
<IMAGE_CONFIG>
	<VERSION>
		<Config_Version Version = "1" />	
	</VERSION>
	
	<IMAGELIST>
		
		<imagename Name = "project">	
			<Element imagefile = "project.png"/>
		</imagename>
		
		<imagename Name = "project_root">	
			<Element imagefile = "project_root.png"/>	
		</imagename>
		
		<imagename Name = "manufacturer">	
			<Element imagefile = "manufacturer.png"/>	
		</imagename>
		
		<imagename Name = "product_line">	
			<Element imagefile = "product_line.png"/>	
		</imagename>
		
		<imagename Name = "device_module">	
			<Element imagefile = "device_module.png"/>	
		</imagename>
	
		<imagename Name = "module_type">	
			<Element imagefile = "module_type.png"/>	
		</imagename>
		
		<imagename Name = "module_version">	
			<Element imagefile = "module_version.png"/>	
		</imagename>
		
		<imagename Name = "module_root">	
			<Element imagefile = "module_root.png"/>	
		</imagename>
		
		<imagename Name = "modulestate_offline">	
			<Element imagefile = "modulestate_offline.png"/>	
		</imagename>
		
		<imagename Name = "modulestate_online">	
			<Element imagefile = "modulestate_online.png"/>	
		</imagename>
		
		<imagename Name = "modulestate_error">	
			<Element imagefile = "modulestate_error.png"/>	
		</imagename>
		
		<imagename Name = "modulestate_warning">	
			<Element imagefile = "modulestate_warning.png"/>	
		</imagename>
		
		<imagename Name = "open_param_file">	
			<Element imagefile = "open_param_file.png"/>				
		</imagename>
		
			<imagename Name = "open_wave_file">	
			<Element imagefile = "open_wave_file.png"/>				
		</imagename>
		
		<imagename Name = "continuous_osc">	
			<Element 
  		<Element imagefile = "continuous_osc.png"/>				
		</imagename>
		
		<imagename Name = "analyzer_osc">	
			<Element 
  		<Element imagefile = "analyzer_osc.png"/>		
		</imagename>
		
		<imagename Name = "trigger_set">	
			<Element imagefile = "trigger_set.png"/>		
		</imagename>
		
		<imagename Name = "var_monitor">	
			<Element imagefile = "var_monitor.png"/>			
		</imagename>
		
		<imagename Name = "firmware_singleburning">	
			<Element 
			<Element imagefile = "firmware_singleburning.png"/>			
		</imagename>
	
		<imagename Name = "firmware_multiburning">	
			<Element 
			<Element imagefile = "firmware_multiburning.png"/>			
		</imagename>
		
		<imagename Name = "Variable_view">	
			<Element imagefile = "Variable_view.png"/>			
		</imagename>
		
		<imagename Name = "speed_jog">	
			<Element imagefile = "speed_jog.png"/>		
		</imagename>
		
		<imagename Name = "position_jog">	
			<Element imagefile = "position_jog.png"/>			
		</imagename>
				
		<imagename Name = "io_config">	
			<Element imagefile = "io_config.png"/>	
		</imagename>
		
		<imagename Name = "Rezero">	
			<Element imagefile = "Rezero.png"/>	
		</imagename>
				
		<imagename Name = "tune_easy">	
			<Element imagefile = "tune_easy.png"/>	
		</imagename>
		
		<imagename Name = "tune_system">	
			<Element imagefile = "tune_system.png"/>	
		</imagename>
		
		<imagename Name = "tune_advance">	
			<Element imagefile = "tune_advance.png"/>	
		</imagename>
		
		<imagename Name = "motor_param">	
			<Element imagefile = "motor_param.png"/>	
		</imagename>
		
		<imagename Name = "ethercat_param">	
			<Element imagefile = "ethercat_param.png"/>	
		</imagename>
		
		<imagename Name = "mechanical">	
			<Element imagefile = "mechanical.png"/>	
		</imagename>
		
		<imagename Name = "blackbox">	
			<Element imagefile = "blackbox.png"/>	
		</imagename>
		
		<imagename Name = "fault">	
			<Element imagefile = "fault.png"/>	
		</imagename>
	
		<imagename Name = "fault_dictionary">	
			<Element imagefile = "fault_dictionary.png"/>	
		</imagename>
		
		<imagename Name = "datagram_monito">	
			<Element imagefile = "datagram_monito.png"/>	
		</imagename>
		
				
		<imagename Name = "diagram_setting">	
			<Element imagefile = "diagram_setting.png"/>	
		</imagename>
		
		<imagename Name = "profinet_dcp_setting">	
			<Element imagefile = "profinet_dcp_setting.png"/>	
		</imagename>
		
		<imagename Name = "multiShaftparammanager">	
			<Element imagefile = "multiShaftparammanager.png"/>	
		</imagename>
				
		<imagename Name = "Linear_motor_config">	
			<Element imagefile = "Linear_motor_config.png"/>	
		</imagename>
		
		<imagename Name = "Accuracy_compensate">	
			<Element imagefile = "Accuracy_compensate.png"/>	
		</imagename>
		
		<imagename Name = "Synchronous_control">	
			<Element imagefile = "Synchronous_control.png"/>	
		</imagename>
		
		
		<imagename Name = "unit_convert">	
			<Element imagefile = "unit_convert.png"/>	
		</imagename>
			
		<imagename Name = "ControlPanel">	
			<Element imagefile = "ControlPanel.png"/>	
		</imagename>
		
		<imagename Name = "Pulse_motor_config">	
			<Element imagefile = "Pulse_motor_config.png"/>	
		</imagename>

		<imagename Name = "AddDevice">	
			<Element imagefile = "AddDevice.png"/>	
		</imagename>
		
		<imagename Name = "positionCompare">	
			<Element imagefile = "positionCompare.png"/>	
		</imagename>
		
	</IMAGELIST>	
	
</IMAGE_CONFIG>