<Root>
 <ERASE_MEM_AREA>
	  <ERASE_AREA Index="1" StartAddress="0x806E0000" EndAddress="0x806E3FFF" Length="0x00004000" />
	  <ERASE_AREA Index="2" StartAddress="0x80080000" EndAddress="0x8027FFFF" Length="0x00200000" />
	  <ERASE_AREA Index="3" StartAddress="0x80300000" EndAddress="0x803EFFFF" Length="0x000F0000" />
	  <ERASE_AREA Index="4" StartAddress="0x80600000" EndAddress="0x8060FFFF" Length="0x00010000" />
	  <ERASE_AREA Index="5" StartAddress="0x80900000" EndAddress="0x8090FFFF" Length="0x00010000" />
  </ERASE_MEM_AREA>
  <CANID>
		<SEND_CAN_ID ID="0x740"/>
		<RECV_CAN_ID ID="0x748"/>
		<FUNC_CAN_ID ID="0x7DF"/>
  </CANID>
  <DRIVE_MEM_AREA>
    <DRIVE_AREA  Index="1" StartAddress="0x70100000" EndAddress="0x70103FFF" Length="0x00004000"/>
  </DRIVE_MEM_AREA>
</Root>