<Root>
  <verAddressList VarName="nSwVersionDateBsw" DataType="uint32" Address="00018004" />
  <verAddressList VarName="nSwVersionNumBsw" DataType="uint16" Address="00018006" />
  <verAddressList VarName="nSwVersionDateMas" DataType="uint32" Address="00018008" />
  <verAddressList VarName="nSwVersionNumMas" DataType="uint16" Address="0001800C" />
  <verAddressList VarName="MpiPlatVersion" DataType="uint32" Address="0001800A" />
  <verAddressList VarName="MpiVersion" DataType="uint16" Address="0001800D" />
  <verAddressList VarName="CarType" DataType="uint16" Address="0001800E" />
  <verAddressList VarName="RecordNum" DataType="uint16" Address="00018010" />
  <verAddressList VarName="InvType" DataType="uint16" Address="0001800F" />
</Root>