<?xml version="1.0" encoding="utf-8" ?>
<GlobalWorkflow>
	<VERSION>
		<Config_Version Version = "1" />	
	</VERSION>
	
	<SupportFunction>
		
		<FunctionName Name = "打开参数文件">	
			<Element 
  		guid = "B882F61C-E220-4E3F-BFB8-5B3A70C67656"
  		ID = "100"/>				
		</FunctionName>
		
		<FunctionName Name = "打开波形文件">	
			<Element 
  		guid = "3CDD7144-3810-44F5-94E2-A7396612154A"
  		ID = "101"/>				
		</FunctionName>
		
		<FunctionName Name = "连续示波器">	
			<Element 
  		guid = "EA84822F-03FA-4FF9-9265-13E47D23741B"
  		ID = "102"/>				
		</FunctionName>
				
		<FunctionName Name = "触发示波器">	
			<Element 
			guid = "80AAD789-0E2C-4D3E-B1CD-89BE623E2C1A"
  		ID = "103"/>				
		</FunctionName>
		
		<FunctionName Name = "参数监控">	
			<Element 
			guid = "5B4F53D6-3BEE-412A-912F-F5BC0AC0A280"
  		ID = "104"/>				
		</FunctionName>
		
			<FunctionName Name = "多机参数管理">	
			<Element 
			guid = "553264F9-F4D3-42C1-9138-C22F664DCD20"
  		ID = "105"/>
		</FunctionName>
		
		<FunctionName Name = "单固件烧录">	
			<Element 
			guid = "A476A654-938C-4E4F-BD65-73D327754C98"
  		ID = "106"/>				
		</FunctionName>
		
		<FunctionName Name = "FOE固件烧录">	
			<Element 
			guid = "79C482EA-E3DB-4237-924A-B2FE5C4EA76A"
  		ID = "107"/>				
		</FunctionName>
		
		<FunctionName Name = "参数管理">	
			<Element 
			guid = "4A0403AD-BC4F-4CCF-99E3-0A9C6864ABD8"
  		ID = "108"/>				
		</FunctionName>
		
		<FunctionName Name = "速度JOG">	
			<Element 
			guid = "AC13023A-B221-42A8-8488-5FE22FCB5B70"
  		ID = "109"/>				
		</FunctionName>
		
		<FunctionName Name = "位置JOG">	
			<Element 
			guid = "F53732BC-F9BB-45E8-A3A9-1E7A22F0148A"
  		ID = "110"/>				
		</FunctionName>
		
		<FunctionName Name = "IO设置">	
			<Element 
			guid = "B48957E5-6130-43C8-8813-7A7B21C3802A"
  		ID = "111"/>				
		</FunctionName>
		
		<FunctionName Name = "回零">	
			<Element 
			guid = "D5F42E43-1E92-4658-BD6D-260DAEEB5BC3"
  		ID = "112"/>				
		</FunctionName>		
				
		<FunctionName Name = "调谐">	
			<Element 
			guid = "49A4F3A2-2E41-46CE-A65D-80C1C7B5B0F0"
  		ID = "113"/>
		</FunctionName>
		
		<FunctionName Name = "电机参数">	
			<Element 
			guid = "ADE645CA-1368-450D-854A-F60B0BA5C5EA"
  		ID = "114"/>
		</FunctionName>
		
		
		<FunctionName Name = "频率特性">	
			<Element 
			guid = "8DA8C1D7-FF30-4E68-BD8C-D05D43EAE18F"
  		ID = "115"/>
		</FunctionName>
		
		<FunctionName Name = "黑匣子">	
			<Element 
			guid = "C6509541-3C9F-4A00-87F9-ACFB2D510F8F"
  		ID = "116"/>
		</FunctionName>
		
		<FunctionName Name = "故障管理">	
			<Element 
			guid = "9C04515B-DF99-4817-9236-8540368C8C57"
  		ID = "117"/>
		</FunctionName>
	
		<FunctionName Name = "故障字典">	
			<Element 
			guid = "1EC865EA-0FB2-43BE-B982-0AF781033A5C"
  		ID = "118"/>
		</FunctionName>
		
		<FunctionName Name = "报文监控">	
			<Element 
			guid = "7141FCE9-2E6D-4F0E-98D2-479D392BBDFB"
  		ID = "119"/>
		</FunctionName>
		
				
		<FunctionName Name = "图形化配置">	
			<Element 
			guid = "7D0315F4-2936-426C-AD36-D746584D0877"
  		ID = "120"/>
		</FunctionName>
		
		<FunctionName Name = "网络配置">	
			<Element 
			guid = "022EBE5B-1D34-4517-AE6A-8BB4D93090A1"
  		ID = "121"/>
		</FunctionName>
		
	
		
	</SupportFunction>	
	
</GlobalWorkflow>