<?xml version="1.0" encoding="utf-8" ?>
<GlobalControlParamGuid>
	<VERSION>
		<Config_Version Version = "1" />	
	</VERSION>
	
	<SupportFunction>
		
		<FunctionName Name = "运行状态">	
			<Element 
  		guid = "EBAD2324-488E-41E7-AF32-F487707BB469"/>				
		</FunctionName>
		
		<FunctionName Name = "急停">	
			<Element 
  		guid = "4FAEB55A-6450-4C0C-9C05-501905BE284C"/>				
		</FunctionName>
		
		<FunctionName Name = "停机">	
			<Element 
  		guid = "494538C5-C85E-43A2-952E-78CE32DD4AD0"/>				
		</FunctionName>
		
		<FunctionName Name = "正向启动">	
			<Element 
  		guid = "641BEE00-EB17-4B02-A51E-1BD63F13735B"/>				
		</FunctionName>
		
		<FunctionName Name = "正向点动">	
			<Element 
  		guid = "0284AC98-F42D-4B1A-BC3A-DBF599303552"/>				
		</FunctionName>
		
		<FunctionName Name = "反向启动">	
			<Element 
  		guid = "03A82D74-CBD0-4CE7-A440-29DEF1EEE538"/>				
		</FunctionName>
		
		
		<FunctionName Name = "反向点动">	
			<Element 
  		guid = "0BB093A7-CE15-431A-B267-9D0B1E40076C"/>						
		</FunctionName>
		
		<FunctionName Name = "调谐">	
			<Element 
  		guid = "0A8AFE1B-0750-4B35-A3FD-0178EFD53ECF"/>						
		</FunctionName>
		
		<FunctionName Name = "故障复位">	
			<Element 
  		guid = "A15EF296-3E63-48C2-8C9F-E39869D96519"/>				
		</FunctionName>
		
		<FunctionName Name = "给定速度">	
			<Element 
  		guid = "2569AAB4-4D2E-449E-BCFF-14A210389FF8"/>				
		</FunctionName>
		
		
	</SupportFunction>	
	
</GlobalControlParamGuid>