<?xml version="1.0" encoding="utf-8" ?>
<GlobalControlParamGuid>
	<VERSION>
		<Config_Version Version = "1" />	
	</VERSION>
	
	<SupportFunction>
		
		<FunctionName Name = "运行状态">	
			<Element 
  		guid = "EBAD2324-488E-41E7-AF32-F487707BB469"/>				
		</FunctionName>
		
		<FunctionName Name = "急停">	
			<Element 
  		guid = "4FAEB55A-6450-4C0C-9C05-501905BE284C"/>				
		</FunctionName>
		
		<FunctionName Name = "取消急停">	
			<Element 
  		guid = "AA9044BE-4BBE-4D5F-B5B0-70ADEAEFD945"/>				
		</FunctionName>
		
		<FunctionName Name = "恢复出厂值">	
			<Element 
  		guid = "6CA64DF9-F7C4-4DF0-AB95-DE37B0CA0867"/>				
		</FunctionName>
		
		<FunctionName Name = "软件复位">	
			<Element 
  		guid = "E15697A1-8051-42A2-81EC-E3B8C0AAA907"/>				
		</FunctionName>
		
		<FunctionName Name = "故障复位">	
			<Element 
  		guid = "A15EF296-3E63-48C2-8C9F-E39869D96519"/>				
		</FunctionName>
		
		<FunctionName Name = "ARM版本信息">	
			<Element 
  		guid = "9F86E6A5-4693-42C1-B6B7-9BC8AB18B299"/>				
		</FunctionName>
		
		<FunctionName Name = "FPGA版本信息">	
			<Element 
  		guid = "15043A31-29DC-4344-A4CF-D9EDE5A73A88"/>				
		</FunctionName>		
		
		<FunctionName Name = "FPGA版本号">	
			<Element 
  		guid = "769D44DA-575A-4992-BF2C-7F570981FD63"/>				
		</FunctionName>		
		
		<FunctionName Name = "速度指令">	
			<Element 
  		guid = "B26751AB-5667-4596-A486-8D670BA0627A"/>				
		</FunctionName>		
		
		<FunctionName Name = "速度指令反馈">	
			<Element 
  		guid = "3037E966-BFD4-4DFC-B864-E7A37FCF85B1"/>				
		</FunctionName>		
		
		<FunctionName Name = "转矩指令">	
			<Element 
  		guid = "93D20CA7-EBDB-4871-B733-A2C202517B80"/>				
		</FunctionName>	
		
		<FunctionName Name = "超级用户">	
			<Element 
  		guid = "13BDE33D-8058-49BD-8735-680BE3D080A6"/>				
		</FunctionName>	
		
		<FunctionName Name = "连续示波器通道首地址">	
			<Element 
  		guid = "99F33D7C-FA11-44B5-A784-AA3797786FA3"/>				
		</FunctionName>			
		
		<FunctionName Name = "连续示波器使能地址">	
			<Element 
  		guid = "7081C469-F687-4CD3-B276-25C101D72BD4"/>				
		</FunctionName>		
		
		<FunctionName Name = "DI状态地址">	
			<Element 
  		guid = "7CF7F21C-5A48-4C6C-AB72-0D650D3BF45D"/>				
		</FunctionName>	
		
		<FunctionName Name = "DO状态地址">	
			<Element 
  		guid = "879BE58F-979E-431A-B2B3-2FEEA3316A00"/>				
		</FunctionName>	
		
	</SupportFunction>	
	
</GlobalControlParamGuid>