<?xml version="1.0" encoding="utf-8" ?>
<DefaultProduct>
	
	<!--当前产品线,   0xF0：变频器;  0xF1：电梯;  0xF2：运动控制;  0xF3:储能;  0xF4：汽车;  0xF5：控制技术;-->
	<!--GlobalDeviceFilePath配置说明：-->
	<!--0xF0：GlobalDeviceConfig\0xF0_Frequencies-->
	<!--0xF1：GlobalDeviceConfig\0xF1_Lift-->
	<!--0xF2：GlobalDeviceConfig\0xF2_Servo-->
	<!--0xF3：GlobalDeviceConfig\0xF3_EnergyStorage-->
	<!--0xF4：GlobalDeviceConfig\0xF4_AutoElectronics-->
	<!--0xF5：GlobalDeviceConfig\0xF5_Control-->
	<!--VariableViewMode，当前变量视图模式,   0：直接读写;  1：勾选读写;-->
	
	<default_product product = "0xF2" />
	
	<default_product_config>
		<productParamConfig product = "0xF0">
			<Element 
			GlobalDeviceFilePath = "GlobalDeviceConfig\0xF0_Frequencies"
			VariableViewMode = "0"
			/>
		
		<!--当前产品线所支持的通讯方式：TCP/IP,USB,USB_CDC,COM,CAN,UDS-->		
		<SupportProtocol Protocol = "USB_CDC" />
		<SupportProtocol Protocol = "COM" />
	
		</productParamConfig>
		
		<productParamConfig product = "0xF1">
			<Element 
			GlobalDeviceFilePath = "GlobalDeviceConfig\0xF1_Lift"
			VariableViewMode = "0"
			/>
		
			<!--当前产品线所支持的通讯方式：TCP/IP,USB,USB_CDC,COM,CAN,UDS-->		
			<SupportProtocol Protocol = "USB_CDC" />
			<SupportProtocol Protocol = "COM" />	
			<SupportProtocol Protocol = "CAN" />
			
		</productParamConfig>
		
		<productParamConfig product = "0xF2">
			<Element 
			GlobalDeviceFilePath = "GlobalDeviceConfig\0xF2_Servo"
			VariableViewMode = "1"
			/>
			
			<!--当前产品线所支持的通讯方式：TCP/IP,USB,USB_CDC,COM,CAN,UDS-->			
			<SupportProtocol Protocol = "USB_CDC" />
			<SupportProtocol Protocol = "COM" />
			<SupportProtocol Protocol = "EOE" />
			
			</productParamConfig>
		
		<productParamConfig product = "0xF5">
			<Element 
			GlobalDeviceFilePath = "GlobalDeviceConfig\0xF5_Control"
			VariableViewMode = "0"
			/>
			
			<!--当前产品线所支持的通讯方式：TCP/IP,USB,USB_CDC,COM,CAN,UDS-->		
			<SupportProtocol Protocol = "USB_CDC" />
			<SupportProtocol Protocol = "COM" />
		
		</productParamConfig>
	
	</default_product_config>
	

	<!--BaudRate:(取值为范围为:2400,  4800,  9600,  19200,  38400,  57600,  115200)-->
	<!--ParityBit:(取值为范围为:0 : None,1:Odd,2:Even,3:Mark,4:Space)-->
	<!--StopBit:(取值为范围为:1,  1.5,  2)-->
	<!--DataBit:(取值为范围为:8)-->
	
	<DefaultProtocolParam>
		<ProtocolParam protocoltype = "COM">
			<Element 
			BaudRate  	=  "115200"
  		ParityBit  	=  "0"
			StopBit  		=  "1"
			DataBit  		=  "8"/>	
		</ProtocolParam>
		
		<ProtocolParam protocoltype = "USB_CDC">
			<Element 
			BaudRate  	=  "2048000"
  		ParityBit  	=  "0"
			StopBit  		=  "1"
			DataBit  		=  "8"/>	
  		/>	
		</ProtocolParam>
		
		<ProtocolParam protocoltype = "CAN">
			<Element 
			DeviceType	= "ZCAN_USBCAN_2E_U"
			DeviceInd 	= "0"
			CanIndex 		= "0"
			AccCode			= "0x00000000"
			AccMask			= "0xffffffff"
			Reserved		= "0"
			Filter			= "1"
			Timing0			= "0x00"
			Timing1			= "0x1C"	
			Mode				= "0"
			/>	
		</ProtocolParam>
		
	</DefaultProtocolParam>
	
</DefaultProduct>