﻿<?xml version="1.0" encoding="utf-8"?>
<Version Num = 1>
  <DatagramConfig>
    
    <SupportDevice>
      <Elec Elec="000100F203035604000000640201000000090000000000000000000100F20301" FilterMode="Servo"/>
      <Elec Elec="000100F20203000000000000000000000000FFFFFFFFFFFFFFFFFFFFFFFFFFFF" FilterMode="Servo"/>
      <Elec Elec="000100F207030001000000010201000100010001FFFFFFFFFFFFFFFFFFFFFFFF" FilterMode="Servo"/>
      <Elec Elec="000100F2080300010000000102010001000100010001FFFFFFFFFFFFFFFFFFFF" FilterMode="Servo"/>
    </SupportDevice>
    
    <Standard>
    	<Datagram Name = "标准报文1" Value = "1" Type = "Receive">
      <Funcode Addr = "2600" Desc = "控制字1(STW1)">
        <BitElement Value = "0" Desc = "1 = ON（可以使能脉冲）0 = OFF1（斜坡停机，消除脉冲，准备接通就绪）"/>
        <BitElement Value = "1" Desc = "1 = 无OFF2（允许使能）0 = OFF2（惯性停机，消除脉冲，禁止接通）"/>
        <BitElement Value = "2" Desc = "1 = 无OFF3（允许使能）0 = OFF3（快速停机，消除脉冲，禁止接通）"/>
        <BitElement Value = "3" Desc = "1 = 允许运行 0 = 禁止运行"/>
        <BitElement Value = "4" Desc = "1 = 运行条件 0 = 冻结指令"/>
        <BitElement Value = "5" Desc = "1 = 运行条件 0 = 冻结指令"/>
        <BitElement Value = "6" Desc = "1 = 使能设定值 0 = 禁止设定值"/>
        <BitElement Value = "7" Desc = "0-1上升沿，应答故障"/>
        <BitElement Value = "8" Desc = "保留"/>
        <BitElement Value = "9" Desc = "保留"/>
        <BitElement Value = "10" Desc = "1 = 通过PLC控制 0 = 非PLC控制"/>
        <BitElement Value = "11" Desc = "保留"/>
        <BitElement Value = "12" Desc = "保留"/>
        <BitElement Value = "13" Desc = "保留"/>
        <BitElement Value = "14" Desc = "保留"/>
        <BitElement Value = "15" Desc = "保留"/>
      </Funcode>
      <Funcode Addr = "260C" Desc = "转速设定A（NSOLL_A）"/>
    	</Datagram>
    	<Datagram Name = "标准报文1" Value = "1" Type = "Send">
      <Funcode Addr = "2602" Name = "" Desc = "状态字1（ZSW1）">
        <BitElement Value = "0" Desc = "1 = 接通准备就绪 0 = 未接通准备就绪"/>
        <BitElement Value = "1" Desc = "1 = 操作准备就绪 0 = 未操作准备就绪"/>
        <BitElement Value = "2" Desc = "1 = 操作使能 0 = 操作禁止"/>
        <BitElement Value = "3" Desc = "1 = 存在故障 0 = 无故障"/>
        <BitElement Value = "4" Desc = "1 = 惯性停车无效 0 = 惯性停车有效"/>
        <BitElement Value = "5" Desc = "1 = 快速停车无效 0 = 快速停车有效"/>
        <BitElement Value = "6" Desc = "1 = 禁止接通生效 0 = 禁止接通无效"/>
        <BitElement Value = "7" Desc = "1 = 存在警告 0 = 无警告"/>
        <BitElement Value = "8" Desc = "1 = 速度误差在容差内 0 = 速度误差超出容差"/>
        <BitElement Value = "9" Desc = "1 = 有控制请求 0 = 无控制请求"/>
        <BitElement Value = "10" Desc = "1 = 达到或者超出速度比较值 0 = 未达到或者超出速度比较值"/>
        <BitElement Value = "11" Desc = "保留"/>
        <BitElement Value = "12" Desc = "保留"/>
        <BitElement Value = "13" Desc = "保留"/>
        <BitElement Value = "14" Desc = "保留"/>
        <BitElement Value = "15" Desc = "保留"/>
      </Funcode>
      <Funcode Addr = "260E" Name = "" Desc = "转速实际值A（NIST_A）">
      </Funcode>
    	</Datagram>

        
	    <Datagram Name = "标准报文3" Value = "3" Type = "Receive">
	      <Funcode Addr = "2600" Desc = "控制字1(STW1)">
	        <BitElement Value = "0" Desc = "1 = ON（可以使能脉冲）0 = OFF1（斜坡停机，消除脉冲，准备接通就绪）"/>
	        <BitElement Value = "1" Desc = "1 = 无OFF2（允许使能）0 = OFF2（惯性停机，消除脉冲，禁止接通）"/>
	        <BitElement Value = "2" Desc = "1 = 无OFF3（允许使能）0 = OFF3（快速停机，消除脉冲，禁止接通）"/>
	        <BitElement Value = "3" Desc = "1 = 允许运行 0 = 禁止运行"/>
	        <BitElement Value = "4" Desc = "1 = 运行条件 0 = 冻结指令"/>
	        <BitElement Value = "5" Desc = "1 = 运行条件 0 = 冻结指令"/>
	        <BitElement Value = "6" Desc = "1 = 使能设定值 0 = 禁止设定值"/>
	        <BitElement Value = "7" Desc = "0-1上升沿，应答故障"/>
	        <BitElement Value = "8" Desc = "保留"/>
	        <BitElement Value = "9" Desc = "保留"/>
	        <BitElement Value = "10" Desc = "1 = 通过PLC控制 0 = 非PLC控制"/>
	        <BitElement Value = "11" Desc = "保留"/>
	        <BitElement Value = "12" Desc = "保留"/>
	        <BitElement Value = "13" Desc = "保留"/>
	        <BitElement Value = "14" Desc = "保留"/>
	        <BitElement Value = "15" Desc = "保留"/>
	      </Funcode>
	      <Funcode Addr = "2610" Name = "" Desc = "转速设定值B（NSOLL_B）"/>
	      <Funcode Addr = "2604" Name = "" Desc = "控制字2（STW2）">
	        <BitElement Value = "0" Desc = "保留"/>
	        <BitElement Value = "1" Desc = "保留"/>
	        <BitElement Value = "2" Desc = "保留"/>
	        <BitElement Value = "3" Desc = "保留"/>
	        <BitElement Value = "4" Desc = "保留"/>
	        <BitElement Value = "5" Desc = "保留"/>
	        <BitElement Value = "6" Desc = "保留"/>
	        <BitElement Value = "7" Desc = "保留"/>
	        <BitElement Value = "8" Desc = "保留"/>
	        <BitElement Value = "9" Desc = "保留"/>
	        <BitElement Value = "10" Desc = "保留"/>
	        <BitElement Value = "11" Desc = "保留"/>
	        <BitElement Value = "12" Desc = "主站生命符号，位0"/>
	        <BitElement Value = "13" Desc = "主站生命符号，位1"/>
	        <BitElement Value = "14" Desc = "主站生命符号，位2"/>
	        <BitElement Value = "15" Desc = "主站生命符号，位3"/>
	      </Funcode>
	      <Funcode Addr = "2608" Name = "" Desc = "编码器1控制字（G1_STW）">
	        <BitElement Value = "0" Desc = "bit7=0时，搜索参考点1；bit7=1时，探针1上升沿"/>
	        <BitElement Value = "1" Desc = "bit7=0时，搜索参考点2；bit7=1时，探针1下降沿"/>
	        <BitElement Value = "2" Desc = "bit7=0时，搜索参考点3；bit7=1时，探针2上升沿"/>
	        <BitElement Value = "3" Desc = "bit7=0时，搜索参考点4；bit7=1时，探针2下降沿"/>
	        <BitElement Value = "4" Desc = "bit4~bit6  000b = 无激活；001b = 激活已选择功能； 010b = 读取数值 ；011b =  取消操作"/>
	        <BitElement Value = "5" Desc = "bit4~bit6  000b = 无激活；001b = 激活已选择功能； 010b = 读取数值 ；011b =  取消操作"/>
	        <BitElement Value = "6" Desc = "bit4~bit6  000b = 无激活；001b = 激活已选择功能； 010b = 读取数值 ；011b =  取消操作"/>
	        <BitElement Value = "7" Desc = "模式选择：1 = 实时测量	0 = 搜索参考点"/>
	        <BitElement Value = "8" Desc = "保留"/>
	        <BitElement Value = "9" Desc = "保留"/>
	        <BitElement Value = "10" Desc = "保留"/>
	        <BitElement Value = "11" Desc = "零位设置模式：0 = 绝对位置	1 = 相对位置设置"/>
	        <BitElement Value = "12" Desc = "上升沿有效，请求设置零位"/>
	        <BitElement Value = "13" Desc = "上升沿有效，请求对G1_XIST2 中的绝对位置进行周期传输"/>
	        <BitElement Value = "14" Desc = "驻留编码器"/>
	        <BitElement Value = "15" Desc = "上升沿有效，应答编码器故障"/>
	      </Funcode>
	    </Datagram>
	    <Datagram Name = "标准报文3" Value = "3" Type = "Send">
	      <Funcode Addr = "2602" Name = "" Desc = "状态字1（ZSW1）">
	        <BitElement Value = "0" Desc = "1 = 接通准备就绪 0 = 未接通准备就绪"/>
	        <BitElement Value = "1" Desc = "1 = 操作准备就绪 0 = 未操作准备就绪"/>
	        <BitElement Value = "2" Desc = "1 = 操作使能 0 = 操作禁止"/>
	        <BitElement Value = "3" Desc = "1 = 存在故障 0 = 无故障"/>
	        <BitElement Value = "4" Desc = "1 = 惯性停车无效 0 = 惯性停车有效"/>
	        <BitElement Value = "5" Desc = "1 = 快速停车无效 0 = 快速停车有效"/>
	        <BitElement Value = "6" Desc = "1 = 禁止接通生效 0 = 禁止接通无效"/>
	        <BitElement Value = "7" Desc = "1 = 存在警告 0 = 无警告"/>
	        <BitElement Value = "8" Desc = "1 = 速度误差在容差内 0 = 速度误差超出容差"/>
	        <BitElement Value = "9" Desc = "1 = 有控制请求 0 = 无控制请求"/>
	        <BitElement Value = "10" Desc = "1 = 达到或者超出速度比较值 0 = 未达到或者超出速度比较值"/>
	        <BitElement Value = "11" Desc = "保留"/>
	        <BitElement Value = "12" Desc = "保留"/>
	        <BitElement Value = "13" Desc = "保留"/>
	        <BitElement Value = "14" Desc = "保留"/>
	        <BitElement Value = "15" Desc = "保留"/>
	      </Funcode>
	      <Funcode Addr = "2612" Name = "" Desc = "转速实际值B（NIST_B）"/>
	      <Funcode Addr = "2606" Name = "" Desc = "状态字2（ZSW2）">
	        <BitElement Value = "0" Desc = "保留"/>
	        <BitElement Value = "1" Desc = "保留"/>
	        <BitElement Value = "2" Desc = "保留"/>
	        <BitElement Value = "3" Desc = "保留"/>
	        <BitElement Value = "4" Desc = "保留"/>
	        <BitElement Value = "5" Desc = "保留"/>
	        <BitElement Value = "6" Desc = "保留"/>
	        <BitElement Value = "7" Desc = "1 = 打开抱闸"/>
	        <BitElement Value = "8" Desc = "1 = 运行至固定停止点"/>
	        <BitElement Value = "9" Desc = "保留"/>
	        <BitElement Value = "10" Desc = "1 = 脉冲使能"/>
	        <BitElement Value = "11" Desc = "保留"/>
	        <BitElement Value = "12" Desc = "Bit12~bit15 驱动器心跳计数值，上传PLC"/>
	        <BitElement Value = "13" Desc = "Bit12~bit15 驱动器心跳计数值，上传PLC"/>
	        <BitElement Value = "14" Desc = "Bit12~bit15 驱动器心跳计数值，上传PLC"/>
	        <BitElement Value = "15" Desc = "Bit12~bit15 驱动器心跳计数值，上传PLC"/>
	      </Funcode>
	      <Funcode Addr = "260A" Name = "" Desc = "编码器1状态字（G1_ZSW）">
	        <BitElement Value = "0" Desc = "1 = 功能1被激活"/>
	        <BitElement Value = "1" Desc = "1 = 功能2被激活"/>
	        <BitElement Value = "2" Desc = "1 = 功能3被激活"/>
	        <BitElement Value = "3" Desc = "1 = 功能4被激活"/>
	        <BitElement Value = "4" Desc = "1 = 实际值1可读"/>
	        <BitElement Value = "5" Desc = "1 = 实际值2可读"/>
	        <BitElement Value = "6" Desc = "1 = 实际值3可读"/>
	        <BitElement Value = "7" Desc = "1 = 实际值4可读"/>
	        <BitElement Value = "8" Desc = "探针1"/>
	        <BitElement Value = "9" Desc = "探针2"/>
	        <BitElement Value = "10" Desc = "保留"/>
	        <BitElement Value = "11" Desc = "应答编码器故障"/>
	        <BitElement Value = "12" Desc = "设置零位应答"/>
	        <BitElement Value = "13" Desc = "G1_XIST2 中的绝对位置进行周期传输"/>
	        <BitElement Value = "14" Desc = "驻留编码器激活"/>
	        <BitElement Value = "15" Desc = "编码器故障"/>
	      </Funcode>
	      <Funcode Addr = "2618" Name = "" Desc = "编码器1实际位置值1（G1_XIST1）"/>
	      <Funcode Addr = "261A" Name = "" Desc = "编码器1实际位置值2（G1_XIST2）"/>
	    </Datagram>   
	    
	    <Datagram Name = "标准报文5" Value = "5" Type = "Receive">
	      <Funcode Addr = "2600" Desc = "控制字1(STW1)">
	        <BitElement Value = "0" Desc = "1 = ON（可以使能脉冲）0 = OFF1（斜坡停机，消除脉冲，准备接通就绪）"/>
	        <BitElement Value = "1" Desc = "1 = 无OFF2（允许使能）0 = OFF2（惯性停机，消除脉冲，禁止接通）"/>
	        <BitElement Value = "2" Desc = "1 = 无OFF3（允许使能）0 = OFF3（快速停机，消除脉冲，禁止接通）"/>
	        <BitElement Value = "3" Desc = "1 = 允许运行 0 = 禁止运行"/>
	        <BitElement Value = "4" Desc = "1 = 运行条件 0 = 冻结指令"/>
	        <BitElement Value = "5" Desc = "1 = 运行条件 0 = 冻结指令"/>
	        <BitElement Value = "6" Desc = "1 = 使能设定值 0 = 禁止设定值"/>
	        <BitElement Value = "7" Desc = "0-1上升沿，应答故障"/>
	        <BitElement Value = "8" Desc = "保留"/>
	        <BitElement Value = "9" Desc = "保留"/>
	        <BitElement Value = "10" Desc = "1 = 通过PLC控制 0 = 非PLC控制"/>
	        <BitElement Value = "11" Desc = "保留"/>
	        <BitElement Value = "12" Desc = "保留"/>
	        <BitElement Value = "13" Desc = "保留"/>
	        <BitElement Value = "14" Desc = "保留"/>
	        <BitElement Value = "15" Desc = "保留"/>
	      </Funcode>
	      <Funcode Addr = "2610" Name = "" Desc = "转速设定B（NSOLL_B）"/>
	      <Funcode Addr = "2604" Name = "" Desc = "控制字2（STW2）">
	        <BitElement Value = "0" Desc = "保留"/>
	        <BitElement Value = "1" Desc = "保留"/>
	        <BitElement Value = "2" Desc = "保留"/>
	        <BitElement Value = "3" Desc = "保留"/>
	        <BitElement Value = "4" Desc = "保留"/>
	        <BitElement Value = "5" Desc = "保留"/>
	        <BitElement Value = "6" Desc = "保留"/>
	        <BitElement Value = "7" Desc = "保留"/>
	        <BitElement Value = "8" Desc = "保留"/>
	        <BitElement Value = "9" Desc = "保留"/>
	        <BitElement Value = "10" Desc = "保留"/>
	        <BitElement Value = "11" Desc = "保留"/>
	        <BitElement Value = "12" Desc = "主站生命符号，位0"/>
	        <BitElement Value = "13" Desc = "主站生命符号，位1"/>
	        <BitElement Value = "14" Desc = "主站生命符号，位2"/>
	        <BitElement Value = "15" Desc = "主站生命符号，位3"/>
	      </Funcode>
	      <Funcode Addr = "2608" Name = "" Desc = "编码器1控制字（G1_STW）">
	        <BitElement Value = "0" Desc = "bit7=0时，搜索参考点1；bit7=1时，探针1上升沿"/>
	        <BitElement Value = "1" Desc = "bit7=0时，搜索参考点2；bit7=1时，探针1下降沿"/>
	        <BitElement Value = "2" Desc = "bit7=0时，搜索参考点3；bit7=1时，探针2上升沿"/>
	        <BitElement Value = "3" Desc = "bit7=0时，搜索参考点4；bit7=1时，探针2下降沿"/>
	        <BitElement Value = "4" Desc = "bit4~bit6  000b = 无激活；001b = 激活已选择功能； 010b = 读取数值 ；011b =  取消操作"/>
	        <BitElement Value = "5" Desc = "bit4~bit6  000b = 无激活；001b = 激活已选择功能； 010b = 读取数值 ；011b =  取消操作"/>
	        <BitElement Value = "6" Desc = "bit4~bit6  000b = 无激活；001b = 激活已选择功能； 010b = 读取数值 ；011b =  取消操作"/>
	        <BitElement Value = "7" Desc = "模式选择：1 = 实时测量	0 = 搜索参考点"/>
	        <BitElement Value = "8" Desc = "保留"/>
	        <BitElement Value = "9" Desc = "保留"/>
	        <BitElement Value = "10" Desc = "保留"/>
	        <BitElement Value = "11" Desc = "零位设置模式：0 = 绝对位置	1 = 相对位置设置"/>
	        <BitElement Value = "12" Desc = "上升沿有效，请求设置零位"/>
	        <BitElement Value = "13" Desc = "上升沿有效，请求对G1_XIST2 中的绝对位置进行周期传输"/>
	        <BitElement Value = "14" Desc = "驻留编码器"/>
	        <BitElement Value = "15" Desc = "上升沿有效，应答编码器故障"/>
	      </Funcode>
	      <Funcode Addr = "2614" Name = "" Desc = "位置偏差（XERR）">
	      <Funcode Addr = "2616" Name = "" Desc = "位置环增益（KPC）">
	      	
	    </Datagram>   
	    <Datagram Name = "标准报文5" Value = "5" Type = "Send">
	      <Funcode Addr = "2602" Name = "" Desc = "状态字1（ZSW1）">
	        <BitElement Value = "0" Desc = "1 = 接通准备就绪 0 = 未接通准备就绪"/>
	        <BitElement Value = "1" Desc = "1 = 操作准备就绪 0 = 未操作准备就绪"/>
	        <BitElement Value = "2" Desc = "1 = 操作使能 0 = 操作禁止"/>
	        <BitElement Value = "3" Desc = "1 = 存在故障 0 = 无故障"/>
	        <BitElement Value = "4" Desc = "1 = 惯性停车无效 0 = 惯性停车有效"/>
	        <BitElement Value = "5" Desc = "1 = 快速停车无效 0 = 快速停车有效"/>
	        <BitElement Value = "6" Desc = "1 = 禁止接通生效 0 = 禁止接通无效"/>
	        <BitElement Value = "7" Desc = "1 = 存在警告 0 = 无警告"/>
	        <BitElement Value = "8" Desc = "1 = 速度误差在容差内 0 = 速度误差超出容差"/>
	        <BitElement Value = "9" Desc = "1 = 有控制请求 0 = 无控制请求"/>
	        <BitElement Value = "10" Desc = "1 = 达到或者超出速度比较值 0 = 未达到或者超出速度比较值"/>
	        <BitElement Value = "11" Desc = "保留"/>
	        <BitElement Value = "12" Desc = "保留"/>
	        <BitElement Value = "13" Desc = "保留"/>
	        <BitElement Value = "14" Desc = "保留"/>
	        <BitElement Value = "15" Desc = "保留"/>
	      </Funcode>
	      <Funcode Addr = "2612" Name = "" Desc = "转速实际值B（NIST_B）"/>
	      <Funcode Addr = "2606" Name = "" Desc = "状态字2（ZSW2）">
	      	<BitElement Value = "0" Desc = "保留"/>
	        <BitElement Value = "1" Desc = "保留"/>
	        <BitElement Value = "2" Desc = "保留"/>
	        <BitElement Value = "3" Desc = "保留"/>
	        <BitElement Value = "4" Desc = "保留"/>
	        <BitElement Value = "5" Desc = "保留"/>
	        <BitElement Value = "6" Desc = "保留"/>
	        <BitElement Value = "7" Desc = "1 = 打开抱闸"/>
	        <BitElement Value = "8" Desc = "1 = 运行至固定停止点"/>
	        <BitElement Value = "9" Desc = "保留"/>
	        <BitElement Value = "10" Desc = "1 = 脉冲使能"/>
	        <BitElement Value = "11" Desc = "保留"/>
	        <BitElement Value = "12" Desc = "Bit12~bit15 驱动器心跳计数值，上传PLC"/>
	        <BitElement Value = "13" Desc = "Bit12~bit15 驱动器心跳计数值，上传PLC"/>
	        <BitElement Value = "14" Desc = "Bit12~bit15 驱动器心跳计数值，上传PLC"/>
	        <BitElement Value = "15" Desc = "Bit12~bit15 驱动器心跳计数值，上传PLC"/>
	      </Funcode>
	      <Funcode Addr = "2642" Name = "" Desc = "消息字（EPOS_MELDW）">
	        <BitElement Value = "0" Desc = "保留"/>
	        <BitElement Value = "1" Desc = "保留"/>
	        <BitElement Value = "2" Desc = "保留"/>
	        <BitElement Value = "3" Desc = "保留"/>
	        <BitElement Value = "4" Desc = "保留"/>
	        <BitElement Value = "5" Desc = "保留"/>
	        <BitElement Value = "6" Desc = "保留"/>
	        <BitElement Value = "7" Desc = "保留"/>
	        <BitElement Value = "8" Desc = "保留"/>
	        <BitElement Value = "9" Desc = "保留"/>
	        <BitElement Value = "10" Desc = "保留"/>
	        <BitElement Value = "11" Desc = "保留"/>
	        <BitElement Value = "12" Desc = "保留"/>
	        <BitElement Value = "13" Desc = "保留"/>
	        <BitElement Value = "14" Desc = "保留"/>
	        <BitElement Value = "15" Desc = "保留"/>
	      </Funcode>
	      <Funcode Addr = "260A" Name = "" Desc = "编码器1实际位置值1（G1_ZSW）"/>
	      <Funcode Addr = "2618" Name = "" Desc = "编码器1实际位置1（G1_XIST1）"/>
	     	<Funcode Addr = "261A" Name = "" Desc = "编码器1实际位置2（G1_XIST2）"/>
	    </Datagram>  
	    
	        
	    <Datagram Name = "西门子报文102" Value = "102" Type = "Receive">
	      <Funcode Addr = "2600" Desc = "控制字1(STW1)">
	        <BitElement Value = "0" Desc = "1 = ON（可以使能脉冲）0 = OFF1（斜坡停机，消除脉冲，准备接通就绪）"/>
	        <BitElement Value = "1" Desc = "1 = 无OFF2（允许使能）0 = OFF2（惯性停机，消除脉冲，禁止接通）"/>
	        <BitElement Value = "2" Desc = "1 = 无OFF3（允许使能）0 = OFF3（快速停机，消除脉冲，禁止接通）"/>
	        <BitElement Value = "3" Desc = "1 = 允许运行 0 = 禁止运行"/>
	        <BitElement Value = "4" Desc = "1 = 运行条件 0 = 冻结指令"/>
	        <BitElement Value = "5" Desc = "1 = 运行条件 0 = 冻结指令"/>
	        <BitElement Value = "6" Desc = "1 = 使能设定值 0 = 禁止设定值"/>
	        <BitElement Value = "7" Desc = "0-1上升沿，应答故障"/>
	        <BitElement Value = "8" Desc = "保留"/>
	        <BitElement Value = "9" Desc = "保留"/>
	        <BitElement Value = "10" Desc = "1 = 通过PLC控制 0 = 非PLC控制"/>
	        <BitElement Value = "11" Desc = "保留"/>
	        <BitElement Value = "12" Desc = "保留"/>
	        <BitElement Value = "13" Desc = "保留"/>
	        <BitElement Value = "14" Desc = "保留"/>
	        <BitElement Value = "15" Desc = "保留"/>
	      </Funcode>
	      <Funcode Addr = "2610" Name = "" Desc = "转速设定B（NSOLL_B）"/>
	      <Funcode Addr = "2604" Name = "" Desc = "控制字2（STW2）">
	        <BitElement Value = "0" Desc = "保留"/>
	        <BitElement Value = "1" Desc = "保留"/>
	        <BitElement Value = "2" Desc = "保留"/>
	        <BitElement Value = "3" Desc = "保留"/>
	        <BitElement Value = "4" Desc = "保留"/>
	        <BitElement Value = "5" Desc = "保留"/>
	        <BitElement Value = "6" Desc = "保留"/>
	        <BitElement Value = "7" Desc = "保留"/>
	        <BitElement Value = "8" Desc = "保留"/>
	        <BitElement Value = "9" Desc = "保留"/>
	        <BitElement Value = "10" Desc = "保留"/>
	        <BitElement Value = "11" Desc = "保留"/>
	        <BitElement Value = "12" Desc = "主站生命符号，位0"/>
	        <BitElement Value = "13" Desc = "主站生命符号，位1"/>
	        <BitElement Value = "14" Desc = "主站生命符号，位2"/>
	        <BitElement Value = "15" Desc = "主站生命符号，位3"/>
	      </Funcode>
	      <Funcode Addr = "2640" Name = "" Desc = "力矩降低值（MOMRED）"/>
	      <Funcode Addr = "2608" Name = "" Desc = "编码器1控制字（G1_STW）">
	        <BitElement Value = "0" Desc = "bit7=0时，搜索参考点1；bit7=1时，探针1上升沿"/>
	        <BitElement Value = "1" Desc = "bit7=0时，搜索参考点2；bit7=1时，探针1下降沿"/>
	        <BitElement Value = "2" Desc = "bit7=0时，搜索参考点3；bit7=1时，探针2上升沿"/>
	        <BitElement Value = "3" Desc = "bit7=0时，搜索参考点4；bit7=1时，探针2下降沿"/>
	        <BitElement Value = "4" Desc = "bit4~bit6  000b = 无激活；001b = 激活已选择功能； 010b = 读取数值 ；011b =  取消操作"/>
	        <BitElement Value = "5" Desc = "bit4~bit6  000b = 无激活；001b = 激活已选择功能； 010b = 读取数值 ；011b =  取消操作"/>
	        <BitElement Value = "6" Desc = "bit4~bit6  000b = 无激活；001b = 激活已选择功能； 010b = 读取数值 ；011b =  取消操作"/>
	        <BitElement Value = "7" Desc = "模式选择：1 = 实时测量	0 = 搜索参考点"/>
	        <BitElement Value = "8" Desc = "保留"/>
	        <BitElement Value = "9" Desc = "保留"/>
	        <BitElement Value = "10" Desc = "保留"/>
	        <BitElement Value = "11" Desc = "零位设置模式：0 = 绝对位置	1 = 相对位置设置"/>
	        <BitElement Value = "12" Desc = "上升沿有效，请求设置零位"/>
	        <BitElement Value = "13" Desc = "上升沿有效，请求对G1_XIST2 中的绝对位置进行周期传输"/>
	        <BitElement Value = "14" Desc = "驻留编码器"/>
	        <BitElement Value = "15" Desc = "上升沿有效，应答编码器故障"/>
	      </Funcode>
	    </Datagram>
	    <Datagram Name = "西门子报文102" Value = "102" Type = "Send">
	      <Funcode Addr = "2602" Name = "" Desc = "状态字1（ZSW1）">
	        <BitElement Value = "0" Desc = "1 = 接通准备就绪 0 = 未接通准备就绪"/>
	        <BitElement Value = "1" Desc = "1 = 操作准备就绪 0 = 未操作准备就绪"/>
	        <BitElement Value = "2" Desc = "1 = 操作使能 0 = 操作禁止"/>
	        <BitElement Value = "3" Desc = "1 = 存在故障 0 = 无故障"/>
	        <BitElement Value = "4" Desc = "1 = 惯性停车无效 0 = 惯性停车有效"/>
	        <BitElement Value = "5" Desc = "1 = 快速停车无效 0 = 快速停车有效"/>
	        <BitElement Value = "6" Desc = "1 = 禁止接通生效 0 = 禁止接通无效"/>
	        <BitElement Value = "7" Desc = "1 = 存在警告 0 = 无警告"/>
	        <BitElement Value = "8" Desc = "1 = 速度误差在容差内 0 = 速度误差超出容差"/>
	        <BitElement Value = "9" Desc = "1 = 有控制请求 0 = 无控制请求"/>
	        <BitElement Value = "10" Desc = "1 = 达到或者超出速度比较值 0 = 未达到或者超出速度比较值"/>
	        <BitElement Value = "11" Desc = "保留"/>
	        <BitElement Value = "12" Desc = "保留"/>
	        <BitElement Value = "13" Desc = "保留"/>
	        <BitElement Value = "14" Desc = "保留"/>
	        <BitElement Value = "15" Desc = "保留"/>
	      </Funcode>
	      <Funcode Addr = "2612" Name = "" Desc = "速度实际值（NIST_B）"/>
	      <Funcode Addr = "2606" Name = "" Desc = "状态字2（ZSW2）">
	        <BitElement Value = "0" Desc = "保留"/>
	        <BitElement Value = "1" Desc = "保留"/>
	        <BitElement Value = "2" Desc = "保留"/>
	        <BitElement Value = "3" Desc = "保留"/>
	        <BitElement Value = "4" Desc = "保留"/>
	        <BitElement Value = "5" Desc = "保留"/>
	        <BitElement Value = "6" Desc = "保留"/>
	        <BitElement Value = "7" Desc = "1 = 打开抱闸"/>
	        <BitElement Value = "8" Desc = "1 = 运行至固定停止点"/>
	        <BitElement Value = "9" Desc = "保留"/>
	        <BitElement Value = "10" Desc = "1 = 脉冲使能"/>
	        <BitElement Value = "11" Desc = "保留"/>
	        <BitElement Value = "12" Desc = "Bit12~bit15 驱动器心跳计数值，上传PLC"/>
	        <BitElement Value = "13" Desc = "Bit12~bit15 驱动器心跳计数值，上传PLC"/>
	        <BitElement Value = "14" Desc = "Bit12~bit15 驱动器心跳计数值，上传PLC"/>
	        <BitElement Value = "15" Desc = "Bit12~bit15 驱动器心跳计数值，上传PLC"/>
	      </Funcode>
	      <Funcode Addr = "2642" Name = "" Desc = "消息字（EPOS_MELDW）">
	        <BitElement Value = "0" Desc = "保留"/>
	        <BitElement Value = "1" Desc = "保留"/>
	        <BitElement Value = "2" Desc = "保留"/>
	        <BitElement Value = "3" Desc = "保留"/>
	        <BitElement Value = "4" Desc = "保留"/>
	        <BitElement Value = "5" Desc = "保留"/>
	        <BitElement Value = "6" Desc = "保留"/>
	        <BitElement Value = "7" Desc = "保留"/>
	        <BitElement Value = "8" Desc = "保留"/>
	        <BitElement Value = "9" Desc = "保留"/>
	        <BitElement Value = "10" Desc = "保留"/>
	        <BitElement Value = "11" Desc = "保留"/>
	        <BitElement Value = "12" Desc = "保留"/>
	        <BitElement Value = "13" Desc = "保留"/>
	        <BitElement Value = "14" Desc = "保留"/>
	        <BitElement Value = "15" Desc = "保留"/>
	      </Funcode>
	      <Funcode Addr = "260A" Name = "编码器1状态字（G1_ZSW）" Desc = "编码器1状态字（G1_ZSW）">
	        <BitElement Value = "0" Desc = "1 = 功能1被激活"/>
	        <BitElement Value = "1" Desc = "1 = 功能2被激活"/>
	        <BitElement Value = "2" Desc = "1 = 功能3被激活"/>
	        <BitElement Value = "3" Desc = "1 = 功能4被激活"/>
	        <BitElement Value = "4" Desc = "1 = 实际值1可读"/>
	        <BitElement Value = "5" Desc = "1 = 实际值2可读"/>
	        <BitElement Value = "6" Desc = "1 = 实际值3可读"/>
	        <BitElement Value = "7" Desc = "1 = 实际值4可读"/>
	        <BitElement Value = "8" Desc = "探针1"/>
	        <BitElement Value = "9" Desc = "探针2"/>
	        <BitElement Value = "10" Desc = "保留"/>
	        <BitElement Value = "11" Desc = "应答编码器故障"/>
	        <BitElement Value = "12" Desc = "设置零位应答"/>
	        <BitElement Value = "13" Desc = "G1_XIST2 中的绝对位置进行周期传输"/>
	        <BitElement Value = "14" Desc = "驻留编码器激活"/>
	        <BitElement Value = "15" Desc = "编码器故障"/>
	      </Funcode>
	      <Funcode Addr = "2618" Name = "" Desc = "编码器1实际位置值1（G1_XIST1）"/>
	      <Funcode Addr = "261A" Name = "" Desc = "编码器1实际位置值2（G1_XIST2）"/>
	    </Datagram>
	    
	       
	    <Datagram Name = "西门子报文105" Value = "105" Type = "receive">
	      <Funcode Addr = "2600" Desc = "控制字1(STW1)">
	        <BitElement Value = "0" Desc = "1 = ON（可以使能脉冲）0 = OFF1（斜坡停机，消除脉冲，准备接通就绪）"/>
	        <BitElement Value = "1" Desc = "1 = 无OFF2（允许使能）0 = OFF2（惯性停机，消除脉冲，禁止接通）"/>
	        <BitElement Value = "2" Desc = "1 = 无OFF3（允许使能）0 = OFF3（快速停机，消除脉冲，禁止接通）"/>
	        <BitElement Value = "3" Desc = "1 = 允许运行 0 = 禁止运行"/>
	        <BitElement Value = "4" Desc = "1 = 运行条件 0 = 冻结指令"/>
	        <BitElement Value = "5" Desc = "1 = 运行条件 0 = 冻结指令"/>
	        <BitElement Value = "6" Desc = "1 = 使能设定值 0 = 禁止设定值"/>
	        <BitElement Value = "7" Desc = "0-1上升沿，应答故障"/>
	        <BitElement Value = "8" Desc = "保留"/>
	        <BitElement Value = "9" Desc = "保留"/>
	        <BitElement Value = "10" Desc = "1 = 通过PLC控制 0 = 非PLC控制"/>
	        <BitElement Value = "11" Desc = "保留"/>
	        <BitElement Value = "12" Desc = "保留"/>
	        <BitElement Value = "13" Desc = "保留"/>
	        <BitElement Value = "14" Desc = "保留"/>
	        <BitElement Value = "15" Desc = "保留"/>
	      </Funcode>
	      <Funcode Addr = "2610" Name = "" Desc = "转速设定B（NSOLL_B）"/>
	      <Funcode Addr = "2604" Name = "" Desc = "控制字2（STW2）">
	        <BitElement Value = "0" Desc = "保留"/>
	        <BitElement Value = "1" Desc = "保留"/>
	        <BitElement Value = "2" Desc = "保留"/>
	        <BitElement Value = "3" Desc = "保留"/>
	        <BitElement Value = "4" Desc = "保留"/>
	        <BitElement Value = "5" Desc = "保留"/>
	        <BitElement Value = "6" Desc = "保留"/>
	        <BitElement Value = "7" Desc = "保留"/>
	        <BitElement Value = "8" Desc = "保留"/>
	        <BitElement Value = "9" Desc = "保留"/>
	        <BitElement Value = "10" Desc = "保留"/>
	        <BitElement Value = "11" Desc = "保留"/>
	        <BitElement Value = "12" Desc = "主站生命符号，位0"/>
	        <BitElement Value = "13" Desc = "主站生命符号，位1"/>
	        <BitElement Value = "14" Desc = "主站生命符号，位2"/>
	        <BitElement Value = "15" Desc = "主站生命符号，位3"/>
	      </Funcode>
	      <Funcode Addr = "2916" Name = "" Desc = "力矩降低值（MOMRED）"/>
	      <Funcode Addr = "2608" Name = "" Desc = "编码器1控制字（G1_STW）">
	        <BitElement Value = "0" Desc = "bit7=0时，搜索参考点1；bit7=1时，探针1上升沿"/>
	        <BitElement Value = "1" Desc = "bit7=0时，搜索参考点2；bit7=1时，探针1下降沿"/>
	        <BitElement Value = "2" Desc = "bit7=0时，搜索参考点3；bit7=1时，探针2上升沿"/>
	        <BitElement Value = "3" Desc = "bit7=0时，搜索参考点4；bit7=1时，探针2下降沿"/>
	        <BitElement Value = "4" Desc = "bit4~bit6  000b = 无激活；001b = 激活已选择功能； 010b = 读取数值 ；011b =  取消操作"/>
	        <BitElement Value = "5" Desc = "bit4~bit6  000b = 无激活；001b = 激活已选择功能； 010b = 读取数值 ；011b =  取消操作"/>
	        <BitElement Value = "6" Desc = "bit4~bit6  000b = 无激活；001b = 激活已选择功能； 010b = 读取数值 ；011b =  取消操作"/>
	        <BitElement Value = "7" Desc = "模式选择：1 = 实时测量	0 = 搜索参考点"/>
	        <BitElement Value = "8" Desc = "保留"/>
	        <BitElement Value = "9" Desc = "保留"/>
	        <BitElement Value = "10" Desc = "保留"/>
	        <BitElement Value = "11" Desc = "零位设置模式：0 = 绝对位置	1 = 相对位置设置"/>
	        <BitElement Value = "12" Desc = "上升沿有效，请求设置零位"/>
	        <BitElement Value = "13" Desc = "上升沿有效，请求对G1_XIST2 中的绝对位置进行周期传输"/>
	        <BitElement Value = "14" Desc = "驻留编码器"/>
	        <BitElement Value = "15" Desc = "上升沿有效，应答编码器故障"/>
	      </Funcode>
	      <Funcode Addr = "2614" Name = "" Desc = "位置偏差（XERR）">
	      <Funcode Addr = "2616" Name = "" Desc = "位置环增益（KPC）">
	    </Datagram>
	    <Datagram Name = "西门子报文105" Value = "105" Type = "Send">
	      <Funcode Addr = "2602" Name = "" Desc = "状态字1（ZSW1）">
	        <BitElement Value = "0" Desc = "1 = 接通准备就绪 0 = 未接通准备就绪"/>
	        <BitElement Value = "1" Desc = "1 = 操作准备就绪 0 = 未操作准备就绪"/>
	        <BitElement Value = "2" Desc = "1 = 操作使能 0 = 操作禁止"/>
	        <BitElement Value = "3" Desc = "1 = 存在故障 0 = 无故障"/>
	        <BitElement Value = "4" Desc = "1 = 惯性停车无效 0 = 惯性停车有效"/>
	        <BitElement Value = "5" Desc = "1 = 快速停车无效 0 = 快速停车有效"/>
	        <BitElement Value = "6" Desc = "1 = 禁止接通生效 0 = 禁止接通无效"/>
	        <BitElement Value = "7" Desc = "1 = 存在警告 0 = 无警告"/>
	        <BitElement Value = "8" Desc = "1 = 速度误差在容差内 0 = 速度误差超出容差"/>
	        <BitElement Value = "9" Desc = "1 = 有控制请求 0 = 无控制请求"/>
	        <BitElement Value = "10" Desc = "1 = 达到或者超出速度比较值 0 = 未达到或者超出速度比较值"/>
	        <BitElement Value = "11" Desc = "保留"/>
	        <BitElement Value = "12" Desc = "保留"/>
	        <BitElement Value = "13" Desc = "保留"/>
	        <BitElement Value = "14" Desc = "保留"/>
	        <BitElement Value = "15" Desc = "保留"/>
	      </Funcode>
	      <Funcode Addr = "2612" Name = "" Desc = "转速实际值B（NIST_B）"/>
	      <Funcode Addr = "2606" Name = "" Desc = "状态字2（ZSW2）">
	        <BitElement Value = "0" Desc = "保留"/>
	        <BitElement Value = "1" Desc = "保留"/>
	        <BitElement Value = "2" Desc = "保留"/>
	        <BitElement Value = "3" Desc = "保留"/>
	        <BitElement Value = "4" Desc = "保留"/>
	        <BitElement Value = "5" Desc = "保留"/>
	        <BitElement Value = "6" Desc = "保留"/>
	        <BitElement Value = "7" Desc = "1 = 打开抱闸"/>
	        <BitElement Value = "8" Desc = "1 = 运行至固定停止点"/>
	        <BitElement Value = "9" Desc = "保留"/>
	        <BitElement Value = "10" Desc = "1 = 脉冲使能"/>
	        <BitElement Value = "11" Desc = "保留"/>
	        <BitElement Value = "12" Desc = "Bit12~bit15 驱动器心跳计数值，上传PLC"/>
	        <BitElement Value = "13" Desc = "Bit12~bit15 驱动器心跳计数值，上传PLC"/>
	        <BitElement Value = "14" Desc = "Bit12~bit15 驱动器心跳计数值，上传PLC"/>
	        <BitElement Value = "15" Desc = "Bit12~bit15 驱动器心跳计数值，上传PLC"/>
	      </Funcode>
	      <Funcode Addr = "2642" Name = "" Desc = "消息字（EPOS_MELDW）">
	        <BitElement Value = "0" Desc = "保留"/>
	        <BitElement Value = "1" Desc = "保留"/>
	        <BitElement Value = "2" Desc = "保留"/>
	        <BitElement Value = "3" Desc = "保留"/>
	        <BitElement Value = "4" Desc = "保留"/>
	        <BitElement Value = "5" Desc = "保留"/>
	        <BitElement Value = "6" Desc = "保留"/>
	        <BitElement Value = "7" Desc = "保留"/>
	        <BitElement Value = "8" Desc = "保留"/>
	        <BitElement Value = "9" Desc = "保留"/>
	        <BitElement Value = "10" Desc = "保留"/>
	        <BitElement Value = "11" Desc = "保留"/>
	        <BitElement Value = "12" Desc = "保留"/>
	        <BitElement Value = "13" Desc = "保留"/>
	        <BitElement Value = "14" Desc = "保留"/>
	        <BitElement Value = "15" Desc = "保留"/>
	      </Funcode>
	      <Funcode Addr = "260A" Name = "" Desc = "编码器1状态字（G1_ZSW）">
	        <BitElement Value = "0" Desc = "1 = 功能1被激活"/>
	        <BitElement Value = "1" Desc = "1 = 功能2被激活"/>
	        <BitElement Value = "2" Desc = "1 = 功能3被激活"/>
	        <BitElement Value = "3" Desc = "1 = 功能4被激活"/>
	        <BitElement Value = "4" Desc = "1 = 实际值1可读"/>
	        <BitElement Value = "5" Desc = "1 = 实际值2可读"/>
	        <BitElement Value = "6" Desc = "1 = 实际值3可读"/>
	        <BitElement Value = "7" Desc = "1 = 实际值4可读"/>
	        <BitElement Value = "8" Desc = "探针1"/>
	        <BitElement Value = "9" Desc = "探针2"/>
	        <BitElement Value = "10" Desc = "保留"/>
	        <BitElement Value = "11" Desc = "应答编码器故障"/>
	        <BitElement Value = "12" Desc = "设置零位应答"/>
	        <BitElement Value = "13" Desc = "G1_XIST2 中的绝对位置进行周期传输"/>
	        <BitElement Value = "14" Desc = "驻留编码器激活"/>
	        <BitElement Value = "15" Desc = "编码器故障"/>
	      </Funcode>
	      <Funcode Addr = "2618" Name = "" Desc = "编码器1实际位置值1（G1_XIST1）"/>
	      <Funcode Addr = "261A" Name = "" Desc = "编码器1实际位置值2（G1_XIST2）"/>
	    </Datagram>   
	    
	    <Datagram Name = "标准报文7" Value = "7" Type = "receive">
	      <Funcode Addr = "2600" Desc = "STW1(PZD1)">
	        <BitElement Value = "0" Desc = "上升沿=ON（可以使能脉冲）0 = OFF1（通过斜坡函数发生器制动，消除脉冲，准备接通就绪）"/>
	        <BitElement Value = "1" Desc = "1 = 无OFF2（可以使能脉冲）0 = OFF2（立即消除脉冲并禁止接通）"/>
	        <BitElement Value = "2" Desc = "1 = 无OFF3（可以使能脉冲）0 = OFF3（通过OFF3斜坡p1135制动，消除脉冲并禁止接通）"/>
	        <BitElement Value = "3" Desc = "1 = 允许运行 0 = 禁止运行"/>
	        <BitElement Value = "4" Desc = "1 = 运行条件 0 = 冻结指令"/>
	        <BitElement Value = "5" Desc = "1 = 运行条件 0 = 冻结指令"/>
	        <BitElement Value = "6" Desc = "1 = 使能设定值 0 = 禁止设定值"/>
	        <BitElement Value = "7" Desc = "0-1上升沿，应答故障"/>
	        <BitElement Value = "8" Desc = "1=Jog 1信号源"/>
	        <BitElement Value = "9" Desc = "1=Jog 2信号源"/>
	        <BitElement Value = "10" Desc = "1 = 通过PLC控制 0 = 非PLC控制"/>
	        <BitElement Value = "11" Desc = "1=开始回参考点；0=停止回参考点"/>
	        <BitElement Value = "12" Desc = "保留"/>
	        <BitElement Value = "13" Desc = "上升沿=外部程序段更改"/>
	        <BitElement Value = "14" Desc = "保留"/>
	        <BitElement Value = "15" Desc = "保留"/>
	      </Funcode>
	      <Funcode Addr = "261C" Name = "" Desc = "（SATZANW）">
	       <BitElement Value = "0" Desc = "1=运行程序段选择，位0"/>
	       <BitElement Value = "1" Desc = "1=运行程序段选择，位1"/>
	       <BitElement Value = "2" Desc = "1=运行程序段选择，位2"/>
	       <BitElement Value = "3" Desc = "1=运行程序段选择，位3"/>
	       <BitElement Value = "4" Desc =  "保留"/>
	       <BitElement Value = "5" Desc =  "保留"/>
	       <BitElement Value = "6" Desc =  "保留"/>
	       <BitElement Value = "7" Desc =  "保留"/>
	       <BitElement Value = "8" Desc =  "保留"/>
	       <BitElement Value = "9" Desc =  "保留"/>
	       <BitElement Value = "10" Desc =  "保留"/>
	       <BitElement Value = "11" Desc =  "保留"/>
	       <BitElement Value = "12" Desc =  "保留"/>
	       <BitElement Value = "13" Desc =  "保留"/>
	       <BitElement Value = "14" Desc =  "保留"/>
	       <BitElement Value = "15" Desc =  "1=激活 MDI；0=取消MDI"/>
	      </Funcode>     
	    </Datagram>
	    <Datagram Name = "标准报文7" Value = "7" Type = "Send">
	      <Funcode Addr = "2602" Name = "" Desc = "状态字1（ZSW1）">
	        <BitElement Value = "0" Desc = "1 = 接通准备就绪 0 = 未接通准备就绪"/>
	        <BitElement Value = "1" Desc = "1 = 操作准备就绪 0 = 未操作准备就绪"/>
	        <BitElement Value = "2" Desc = "1 = 操作使能 0 = 操作禁止"/>
	        <BitElement Value = "3" Desc = "1 = 存在故障 0 = 无故障"/>
	        <BitElement Value = "4" Desc = "1 = 惯性停车无效 0 = 惯性停车有效"/>
	        <BitElement Value = "5" Desc = "1 = 快速停车无效 0 = 快速停车有效"/>
	        <BitElement Value = "6" Desc = "1 = 禁止接通生效 0 = 禁止接通无效"/>
	        <BitElement Value = "7" Desc = "1 = 存在警告 0 = 无警告"/>
	        <BitElement Value = "8" Desc = "1 = 速度误差在容差内 0 = 速度误差超出容差"/>
	        <BitElement Value = "9" Desc = "1 = 有控制请求 0 = 无控制请求"/>
	        <BitElement Value = "10" Desc = "1 = 达到或者超出速度比较值 0 = 未达到或者超出速度比较值"/>
	        <BitElement Value = "11" Desc = "1=已设置参考点"/>
	        <BitElement Value = "12" Desc = "上升沿=运行程序段已激活"/>
	        <BitElement Value = "13" Desc = "保留"/>
	        <BitElement Value = "14" Desc = "轴加速"/>
	        <BitElement Value = "15" Desc = "轴减速"/>
	      </Funcode>
	      <Funcode Addr = "261E" Name = "" Desc = "（AKTSATZ）"/>      
	    </Datagram>
	    
	    <Datagram Name = "标准报文9" Value = "9" Type = "receive">
	      <Funcode Addr = "2600" Desc = "控制字1(STW1)">
	        <BitElement Value = "0" Desc = "1 = ON（可以使能脉冲）0 = OFF1（斜坡停机，消除脉冲，准备接通就绪）"/>
	        <BitElement Value = "1" Desc = "1 = 无OFF2（允许使能）0 = OFF2（惯性停机，消除脉冲，禁止接通）"/>
	        <BitElement Value = "2" Desc = "1 = 无OFF3（允许使能）0 = OFF3（快速停机，消除脉冲，禁止接通）"/>
	        <BitElement Value = "3" Desc = "1 = 允许运行 0 = 禁止运行"/>
	        <BitElement Value = "4" Desc = "1 = 运行条件 0 = 冻结指令"/>
	        <BitElement Value = "5" Desc = "1 = 运行条件 0 = 冻结指令"/>
	        <BitElement Value = "6" Desc = "1 = 使能设定值 0 = 禁止设定值"/>
	        <BitElement Value = "7" Desc = "0-1上升沿，应答故障"/>
	        <BitElement Value = "8" Desc = "1=Jog 1信号源"/>
	        <BitElement Value = "9" Desc = "1=Jog 2信号源"/>
	        <BitElement Value = "10" Desc = "1 = 通过PLC控制 0 = 非PLC控制"/>
	        <BitElement Value = "11" Desc = "1=开始回参考点；0=停止回参考点"/>
	        <BitElement Value = "12" Desc = "保留"/>
	        <BitElement Value = "13" Desc = "上升沿=外部程序段更改"/>
	        <BitElement Value = "14" Desc = "保留"/>
	        <BitElement Value = "15" Desc = "保留"/>
	      </Funcode>
	      <Funcode Addr = "261C" Name = "" Desc = "（SATZANW）">
	       <BitElement Value = "0" Desc = "1=运行程序段选择，位0"/>
	       <BitElement Value = "1" Desc = "1=运行程序段选择，位1"/>
	       <BitElement Value = "2" Desc = "1=运行程序段选择，位2"/>
	       <BitElement Value = "3" Desc = "1=运行程序段选择，位3"/>
	       <BitElement Value = "4" Desc =  "保留"/>
	       <BitElement Value = "5" Desc =  "保留"/>
	       <BitElement Value = "6" Desc =  "保留"/>
	       <BitElement Value = "7" Desc =  "保留"/>
	       <BitElement Value = "8" Desc =  "保留"/>
	       <BitElement Value = "9" Desc =  "保留"/>
	       <BitElement Value = "10" Desc =  "保留"/>
	       <BitElement Value = "11" Desc =  "保留"/>
	       <BitElement Value = "12" Desc =  "保留"/>
	       <BitElement Value = "13" Desc =  "保留"/>
	       <BitElement Value = "14" Desc =  "保留"/>
	       <BitElement Value = "15" Desc =  "1=激活 MDI；0=取消MDI"/>
	      </Funcode>
	      <Funcode Addr = "2604" Name = "" Desc = "控制字2（STW2）">
	        <BitElement Value = "0" Desc = "保留"/>
	        <BitElement Value = "1" Desc = "保留"/>
	        <BitElement Value = "2" Desc = "保留"/>
	        <BitElement Value = "3" Desc = "保留"/>
	        <BitElement Value = "4" Desc = "保留"/>
	        <BitElement Value = "5" Desc = "保留"/>
	        <BitElement Value = "6" Desc = "保留"/>
	        <BitElement Value = "7" Desc = "保留"/>
	        <BitElement Value = "8" Desc = "1=运行至固定挡块"/>
	        <BitElement Value = "9" Desc = "保留"/>
	        <BitElement Value = "10" Desc = "保留"/>
	        <BitElement Value = "11" Desc = "保留"/>
	        <BitElement Value = "12" Desc = "主站生命符号，位0"/>
	        <BitElement Value = "13" Desc = "主站生命符号，位1"/>
	        <BitElement Value = "14" Desc = "主站生命符号，位2"/>
	        <BitElement Value = "15" Desc = "主站生命符号，位3"/>
	      </Funcode>
	      <Funcode Addr = "2628" Name = "" Desc = "MDI目标位置（MDI_TARPOS）"/>
	      <Funcode Addr = "262A" Name = "" Desc = "MDI速度（MDI_VELOCITY）"/>
	      <Funcode Addr = "262C" Name = "" Desc = "MDI加速度（MDI_ACC）"/>
	      <Funcode Addr = "262E" Name = "" Desc = "MDI减速度（MDI_DEC）"/>
	      <Funcode Addr = "2630" Name = "" Desc = "（MDI_MOD）">
	        <BitElement Value = "0" Desc = "1 = 已选择绝对定位 0 = 已选择相对定位"/>
	        <BitElement Value = "1" Desc = "绝对定位模式位0"/>
	        <BitElement Value = "2" Desc = "绝对定位模式位1"/>
	        <BitElement Value = "3" Desc = "保留"/>
	        <BitElement Value = "4" Desc = "保留"/>
	        <BitElement Value = "5" Desc = "保留"/>
	        <BitElement Value = "6" Desc = "保留"/>
	        <BitElement Value = "7" Desc = "保留"/>
	        <BitElement Value = "8" Desc = "保留"/>
	        <BitElement Value = "9" Desc = "保留"/>
	        <BitElement Value = "10" Desc = "保留"/>
	        <BitElement Value = "11" Desc = "保留"/>
	        <BitElement Value = "12" Desc = "保留"/>
	        <BitElement Value = "13" Desc = "保留"/>
	        <BitElement Value = "14" Desc = "保留"/>
	        <BitElement Value = "15" Desc = "保留"/>
	      </Funcode>
	    </Datagram>
	    <Datagram Name = "标准报文9" Value = "9" Type = "Send">
	      <Funcode Addr = "2602" Name = "" Desc = "状态字1（ZSW1）">
	        <BitElement Value = "0" Desc = "1 = 接通准备就绪 0 = 未接通准备就绪"/>
	        <BitElement Value = "1" Desc = "1 = 操作准备就绪 0 = 未操作准备就绪"/>
	        <BitElement Value = "2" Desc = "1 = 操作使能 0 = 操作禁止"/>
	        <BitElement Value = "3" Desc = "1 = 存在故障 0 = 无故障"/>
	        <BitElement Value = "4" Desc = "1 = 惯性停车无效 0 = 惯性停车有效"/>
	        <BitElement Value = "5" Desc = "1 = 快速停车无效 0 = 快速停车有效"/>
	        <BitElement Value = "6" Desc = "1 = 禁止接通生效 0 = 禁止接通无效"/>
	        <BitElement Value = "7" Desc = "1 = 存在警告 0 = 无警告"/>
	        <BitElement Value = "8" Desc = "1 = 速度误差在容差内 0 = 速度误差超出容差"/>
	        <BitElement Value = "9" Desc = "1 = 有控制请求 0 = 无控制请求"/>
	        <BitElement Value = "10" Desc = "1 = 达到或者超出速度比较值 0 = 未达到或者超出速度比较值"/>
	        <BitElement Value = "11" Desc = "1=已设置参考点"/>
	        <BitElement Value = "12" Desc = "上升沿=运行程序段已激活"/>
	        <BitElement Value = "13" Desc = "保留"/>
	        <BitElement Value = "14" Desc = "1=轴加速"/>
	        <BitElement Value = "15" Desc = "1=轴减速"/>
	      </Funcode>
	      <Funcode Addr = "261E" Name = "" Desc = "（AKTSATZ）"/>      
	      <Funcode Addr = "2606" Name = "" Desc = "状态字2（ZSW2）">
	        <BitElement Value = "0" Desc = "保留"/>
	        <BitElement Value = "1" Desc = "保留"/>
	        <BitElement Value = "2" Desc = "保留"/>
	        <BitElement Value = "3" Desc = "保留"/>
	        <BitElement Value = "4" Desc = "1=保留"/>
	        <BitElement Value = "5" Desc = "1=报警等级位0"/>
	        <BitElement Value = "6" Desc = "1=报警等级位1"/>
	        <BitElement Value = "7" Desc = "保留"/>
	        <BitElement Value = "8" Desc = "1 = 运行至固定挡块"/>
	        <BitElement Value = "9" Desc = "保留"/>
	        <BitElement Value = "10" Desc = "1 = 脉冲使能"/>
	        <BitElement Value = "11" Desc = "保留"/>
	        <BitElement Value = "12" Desc = "从站生命符号，位0"/>
	        <BitElement Value = "13" Desc = "从站生命符号，位1"/>
	        <BitElement Value = "14" Desc = "从站生命符号，位2"/>
	        <BitElement Value = "15" Desc = "从站生命符号，位3"/>
	      </Funcode>
	      <Funcode Addr = "2634" Name = "" Desc = "位置实际值A（XIST_A）"/>
	    </Datagram>
	    
	    <Datagram Name = "西门子报文111" Value = "111" Type = "receive">
	      <Funcode Addr = "2600" Desc = "控制字1(STW1)">
	        <BitElement Value = "0" Desc = "1 = ON（可以使能脉冲）0 = OFF1（斜坡停机，消除脉冲，准备接通就绪）"/>
	        <BitElement Value = "1" Desc = "1 = 无OFF2（允许使能）0 = OFF2（惯性停机，消除脉冲，禁止接通）"/>
	        <BitElement Value = "2" Desc = "1 = 无OFF3（允许使能）0 = OFF3（快速停机，消除脉冲，禁止接通）"/>
	        <BitElement Value = "3" Desc = "1 = 允许运行 0 = 禁止运行"/>
	        <BitElement Value = "4" Desc = "1 = 运行条件 0 = 冻结指令"/>
	        <BitElement Value = "5" Desc = "1 = 运行条件 0 = 冻结指令"/>
	        <BitElement Value = "6" Desc = "1 = 使能设定值 0 = 禁止设定值"/>
	        <BitElement Value = "7" Desc = "0-1上升沿，应答故障"/>
	        <BitElement Value = "8" Desc = "1 = 启动JOG1 0 = 关闭JOG1"/>
	        <BitElement Value = "9" Desc = "1 = 启动JOG2 0 = 关闭JOG2"/>
	        <BitElement Value = "10" Desc = "1 = 通过PLC控制 0 = 非PLC控制"/>
	        <BitElement Value = "11" Desc = "1 = 启动回零 0 = 停止回零"/>
	        <BitElement Value = "12" Desc = "保留"/>
	        <BitElement Value = "13" Desc = "保留"/>
	        <BitElement Value = "14" Desc = "保留"/>
	        <BitElement Value = "15" Desc = "保留"/>
	      </Funcode>
	      <Funcode Addr = "2620" Desc = "位置控制字1（POS_STW1）">
	        <BitElement Value = "0" Desc = "运行程序段选择，位0"/>
	        <BitElement Value = "1" Desc = "运行程序段选择，位1"/>
	        <BitElement Value = "2" Desc = "运行程序段选择，位2"/>
	        <BitElement Value = "3" Desc = "运行程序段选择，位3"/>
	        <BitElement Value = "4" Desc = "保留"/>
	        <BitElement Value = "5" Desc = "保留"/>
	        <BitElement Value = "6" Desc = "保留"/>
	        <BitElement Value = "7" Desc = "保留"/>
	        <BitElement Value = "8" Desc = "1 = 绝对位置定位  0 = 相对定位"/>
	        <BitElement Value = "9" Desc = "绝对定位0"/>
	        <BitElement Value = "10" Desc = "绝对定位1"/>
	        <BitElement Value = "11" Desc = "保留"/>
	        <BitElement Value = "12" Desc = "1 = 持续传输   0 = 以运行程序段(STW1.6)上升沿激活MDI程序段更改"/>
	        <BitElement Value = "13" Desc = "保留"/>
	        <BitElement Value = "14" Desc = "保留"/>
	        <BitElement Value = "15" Desc = "1 = MDI子模式   0 = 程序段子模式"/>
	      </Funcode>
	      <Funcode Addr = "2624" Desc = "位置控制字2（POS_STW2）">
	        <BitElement Value = "0" Desc = "保留"/>
	        <BitElement Value = "1" Desc = "1 = 设置参考点"/>
	        <BitElement Value = "2" Desc = "1 = 参考点挡块生效"/>
	        <BitElement Value = "3" Desc = "保留"/>
	        <BitElement Value = "4" Desc = "保留"/>
	        <BitElement Value = "5" Desc = "1=Jog增量定位生效；0=Jog速度生效"/>
	        <BitElement Value = "6" Desc = "保留"/>
	        <BitElement Value = "7" Desc = "保留"/>
	        <BitElement Value = "8" Desc = "保留"/>
	        <BitElement Value = "9" Desc = "保留"/>
	        <BitElement Value = "10" Desc = "保留"/>
	        <BitElement Value = "11" Desc = "保留"/>
	        <BitElement Value = "12" Desc = "保留"/>
	        <BitElement Value = "13" Desc = "保留"/>
	        <BitElement Value = "14" Desc = "1 = 软限位开关激活"/>
	        <BitElement Value = "15" Desc = "1 = 停止挡块激活"/>
	      </Funcode>
	      <Funcode Addr = "2604" Name = "" Desc = "控制字2（STW2）">
	        <BitElement Value = "0" Desc = "保留"/>
	        <BitElement Value = "1" Desc = "保留"/>
	        <BitElement Value = "2" Desc = "保留"/>
	        <BitElement Value = "3" Desc = "保留"/>
	        <BitElement Value = "4" Desc = "保留"/>
	        <BitElement Value = "5" Desc = "保留"/>
	        <BitElement Value = "6" Desc = "保留"/>
	        <BitElement Value = "7" Desc = "保留"/>
	        <BitElement Value = "8" Desc = "1 = 运行至固定停止点"/>
	        <BitElement Value = "9" Desc = "保留"/>
	        <BitElement Value = "10" Desc = "保留"/>
	        <BitElement Value = "11" Desc = "保留"/>
	        <BitElement Value = "12" Desc = "Bit12~bit15 PLC心跳计数值"/>
	        <BitElement Value = "13" Desc = "Bit12~bit15 PLC心跳计数值"/>
	        <BitElement Value = "14" Desc = "Bit12~bit15 PLC心跳计数值"/>
	        <BitElement Value = "15" Desc = "Bit12~bit15 PLC心跳计数值"/>
	      </Funcode>
	      <Funcode Addr = "2632" Name = "" Desc = "位置速度倍率（OVERRIDE）"/>
	      <Funcode Addr = "2628" Name = "" Desc = "MDI目标位置（MDI_TARPOS）"/>
	      <Funcode Addr = "262A" Name = "" Desc = "MDI速度（MDI_VELOCITY）"/>
	      <Funcode Addr = "262C" Name = "" Desc = "MDI加速度（MDI_ACC）"/>
	      <Funcode Addr = "262E" Name = "" Desc = "MDI减速度（MDI_DEC）"/>
	      <Funcode Addr = "263C" Name = "" Desc = "自定义（USER_PZD）"/>
	    </Datagram>
	    <Datagram Name = "西门子报文111" Value = "111" Type = "Send">
	      <Funcode Addr = "2602" Name = "" Desc = "状态字1（ZSW1）">
	        <BitElement Value = "0" Desc = "1 = 准备接通就绪，驱动器控制电接通，初始化完成"/>
	        <BitElement Value = "1" Desc = "1 = 运行就绪，主回路供电"/>
	        <BitElement Value = "2" Desc = "1 = 运行使能"/>
	        <BitElement Value = "3" Desc = "1 = 故障"/>
	        <BitElement Value = "4" Desc = "1 = 自由停车无效(OFF2无效)  0 = 自由停车有效(OFF2有效)"/>
	        <BitElement Value = "5" Desc = "1 = 快速停车无效(OFF3无效)  0 = 快速停车无效(OFF3有效)"/>
	        <BitElement Value = "6" Desc = "1 = 禁止接通生效"/>
	        <BitElement Value = "7" Desc = "1 = 存在报警"/>
	        <BitElement Value = "8" Desc = "1 = 位置跟踪误差在容差范围内  0 = 位置跟踪误差超出容差范围"/>
	        <BitElement Value = "9" Desc = "1 = PLC控制请求"/>
	        <BitElement Value = "10" Desc = "1 = 到达目标位置  0 = 未到达目标位置"/>
	        <BitElement Value = "11" Desc = "1 = 参考点已设定，已执行返回参考点，参考点位置有效 0 =  参考点未设定"/>
	        <BitElement Value = "12" Desc = "1 = 上升沿移动任务确定，使用上升沿确认接受新的移动任务或MDI设定值"/>
	        <BitElement Value = "13" Desc = "1 = 驱动器已停车  0 = 驱动器运转中"/>
	        <BitElement Value = "14" Desc = "1 = 轴已加速"/>
	        <BitElement Value = "15" Desc = "1 = 轴已减速"/>
	      </Funcode>
	      <Funcode Addr = "2622" Name = "" Desc = "位置状态字1（POS_ZSW1）">
	        <BitElement Value = "0" Desc = "生效的运行程序段(2^0)"/>
	        <BitElement Value = "1" Desc = "生效的运行程序段(2^1)"/>
	        <BitElement Value = "2" Desc = "生效的运行程序段(2^2)"/>
	        <BitElement Value = "3" Desc = "生效的运行程序段(2^3)"/>
	        <BitElement Value = "4" Desc = "保留"/>
	        <BitElement Value = "5" Desc = "保留"/>
	        <BitElement Value = "6" Desc = "保留"/>
	        <BitElement Value = "7" Desc = "保留"/>
	        <BitElement Value = "8" Desc = "1 = 负向停止挡块生效"/>
	        <BitElement Value = "9" Desc = "1 = 正向停止挡块生效"/>
	        <BitElement Value = "10" Desc = "1 = JOG生效"/>
	        <BitElement Value = "11" Desc = "1 = 回参考点激活"/>
	        <BitElement Value = "12" Desc = "保留"/>
	        <BitElement Value = "13" Desc = "1 = 运行程序段生效"/>
	        <BitElement Value = "14" Desc = "1 = 设置生效"/>
	        <BitElement Value = "15" Desc = "1 = MDI 生效  0 = MDI 无效"/>
	      </Funcode>
	      <Funcode Addr = "2626" Name = "" Desc = "位置状态字2（POS_ZSW2）">
	        <BitElement Value = "0" Desc = "1 = 保留"/>
	        <BitElement Value = "1" Desc = "1 = 速度限制生效"/>
	        <BitElement Value = "2" Desc = "1 = 设定值可用"/>
	        <BitElement Value = "3" Desc = "保留"/>
	        <BitElement Value = "4" Desc = "1= 轴正向移动"/>
	        <BitElement Value = "5" Desc = "1 = 轴反向移动"/>
	        <BitElement Value = "6" Desc = "1 = 到达负向软限位开关"/>
	        <BitElement Value = "7" Desc = "1 = 到达正向软限位开关"/>
	        <BitElement Value = "8" Desc = "保留"/>
	        <BitElement Value = "9" Desc = "保留"/>
	        <BitElement Value = "10" Desc = "保留"/>
	        <BitElement Value = "11" Desc = "保留"/>
	        <BitElement Value = "12" Desc = "保留"/>
	        <BitElement Value = "13" Desc = "保留"/>
	        <BitElement Value = "14" Desc = "保留"/>
	        <BitElement Value = "15" Desc = "1 = 运行指令生效"/>
	      </Funcode>
	      <Funcode Addr = "2606" Name = "" Desc = "状态字2（ZSW2）">
	        <BitElement Value = "0" Desc = "保留"/>
	        <BitElement Value = "1" Desc = "保留"/>
	        <BitElement Value = "2" Desc = "保留"/>
	        <BitElement Value = "3" Desc = "保留"/>
	        <BitElement Value = "4" Desc = "保留"/>
	        <BitElement Value = "5" Desc = "保留"/>
	        <BitElement Value = "6" Desc = "保留"/>
	        <BitElement Value = "7" Desc = "1 = 打开抱闸"/>
	        <BitElement Value = "8" Desc = "1 = 运行至固定停止点"/>
	        <BitElement Value = "9" Desc = "保留"/>
	        <BitElement Value = "10" Desc = "1 = 脉冲使能"/>
	        <BitElement Value = "11" Desc = "保留"/>
	        <BitElement Value = "12" Desc = "Bit12~bit15 驱动器心跳计数值，上传PLC"/>
	        <BitElement Value = "13" Desc = "Bit12~bit15 驱动器心跳计数值，上传PLC"/>
	        <BitElement Value = "14" Desc = "Bit12~bit15 驱动器心跳计数值，上传PLC"/>
	        <BitElement Value = "15" Desc = "Bit12~bit15 驱动器心跳计数值，上传PLC"/>
	      </Funcode>
	      <Funcode Addr = "2642" Name = "" Desc = "消息字（MELDW）">
	        <BitElement Value = "0" Desc = "保留"/>
	        <BitElement Value = "1" Desc = "保留"/>
	        <BitElement Value = "2" Desc = "保留"/>
	        <BitElement Value = "3" Desc = "保留"/>
	        <BitElement Value = "4" Desc = "保留"/>
	        <BitElement Value = "5" Desc = "保留"/>
	        <BitElement Value = "6" Desc = "bit6: 1=无电机过热报警   0=电机过热报警"/>
	        <BitElement Value = "7" Desc = "bit7: 1=功率单元无过热报警   0=功率单元过热报警"/>
	        <BitElement Value = "8" Desc = "bit8: 1=速度设定值与实际偏差在公差内  0=速度设定值与实际偏差不在公差内"/>
	        <BitElement Value = "9" Desc = "保留"/>
	        <BitElement Value = "10" Desc = "保留"/>
	        <BitElement Value = "11" Desc = "bit11： 1=控制器使能     0=控制器没使能"/>
	        <BitElement Value = "12" Desc = "bit12:    1=驱动器就绪     0=驱动器没准备好"/>
	        <BitElement Value = "13" Desc = "bit13：  1=伺服使能        0=伺服未使能"/>
	        <BitElement Value = "14" Desc = "保留"/>
	        <BitElement Value = "15" Desc = "保留"/>
	      </Funcode>
	      <Funcode Addr = "2634" Name = "" Desc = "位置实际值A（XIST_A）"/>
	      <Funcode Addr = "2612" Name = "" Desc = "转速实际值B（NIST_B）"/>
	      <Funcode Addr = "2941" Name = "" Desc = "故障信息（FAULT_CODE）"/>
	      <Funcode Addr = "2942" Name = "" Desc = "警告信息（WARN_CODE）"/>
	      <Funcode Addr = "263E" Name = "" Desc = "自定义（USER_PZD）"/>
	    </Datagram>
    </Standard>
    
    <Addition>
    	<Datagram Name = "附加报文750" Value = "750" Type = "send">
      <Funcode Addr = "264A" Name = "" Desc = "推力实际值(M_ACT)"/>
    	</Datagram>
    	<Datagram Name = "附加报文750" Value = "750" Type = "receive">
      <Funcode Addr = "2644" Name = "" Desc = "转矩附加值(M_ADD1)"/>
      <Funcode Addr = "2646" Name = "" Desc = "正向转矩限制(M_LIMIT_POS)"/>
      <Funcode Addr = "2648" Name = "" Desc = "负向转矩限制(M_LIMIT_NEG)"/>
    	</Datagram>
    </Addition>
    
  </DatagramConfig>
</Version>
</xml>