<?xml version="1.0" encoding="utf-8" ?>
<FOE>
	<EPROM_ADDR>
		<!--伺服.8之前版电子标签偏移地址:0x07c0, 伺服.8及之后的版本???0x07d0-->
		<Config_Version Version = "2" />	
		<FOE_Encrypt EnableEncrypt = "1" />	
		<ElecAddress elecAddr = "0x07d0" />	
	</EPROM_ADDR>
	
	<SupportDevice>
		<DeviceName Name = "ANCTL AS730N Servo Driver">	
			<Module 
  		Elec="000100F202015604000000640201000000090000000000000000000100F20301" 
  		DeviceType="0x0730"
  		DeviceVersion="1"
			DeviceTypeAddr="0x07c4"
			VersionAddr="0x07c8"
			StartAddr="0x10000"
			EndAddr="0x9ffff"/>
			
			<Module 
			Elec="000100F202015604000000640201000000090000000000000000000100F20301" 
  		DeviceType="0x0730"
  		DeviceVersion="2"
			DeviceTypeAddr="0x07c4"
			VersionAddr="0x07c8"
			StartAddr="0x20000"
			EndAddr="0x9ffff"/>
			
			<!-- AS760N 的电子标签，目的实现730N、760N、715N互刷 -->
			<Module 
  		Elec="000100F203015604000000640201000000090000000000000000000100F20301"
  		DeviceType="0x0730"
  		DeviceVersion="1"
  		DeviceTypeAddr="0x07c4"
	  	VersionAddr="0x07c8"
	  	StartAddr="0x10000"
	  	EndAddr="0x9ffff"/> 
	  	
	  	<!-- AS760N 的电子标签，目的实现730N、760N、715N互刷 -->
	  	<Module 
  		Elec="000100F203015604000000640201000000090000000000000000000100F20301"
  		DeviceType="0x0730"
  		DeviceVersion="2"
  		DeviceTypeAddr="0x07c4"
	  	VersionAddr="0x07c8"
	  	StartAddr="0x20000"
	  	EndAddr="0x9ffff"/> 
	  	
	  	<!-- AS715N MCU1 的电子标签，目的实现730N、760N、715N互刷 -->
  		<Module 
  		Elec="000100F202015604000000640201000000090000000000000000000100F20301"
  		DeviceType="0x0730"
  		DeviceVersion="2"
  		DeviceTypeAddr="0x07c4"
	  	VersionAddr="0x07c8"
	  	StartAddr="0x20000"
	  	EndAddr="0x9ffff"/> 
	  	
		</DeviceName>

		<DeviceName Name = "ANCTL AS760N Servo Driver">
			<Module 
  		Elec="000100F203015604000000640201000000090000000000000000000100F20301"
  		DeviceType="0x0760"
  		DeviceVersion="1"
  		DeviceTypeAddr="0x07c4"
	  	VersionAddr="0x07c8"
	  	StartAddr="0x10000"
	  	EndAddr="0x9ffff"/> 
	  	
	  	<Module 
  		Elec="000100F203015604000000640201000000090000000000000000000100F20301"
  		DeviceType="0x0760"
  		DeviceVersion="2"
  		DeviceTypeAddr="0x07c4"
	  	VersionAddr="0x07c8"
	  	StartAddr="0x20000"
	  	EndAddr="0x9ffff"/> 
	  	
	  	<!-- AS730N  的电子标签，目的实现730N、760N、715N互刷 -->
	  	Elec="000100F202015604000000640201000000090000000000000000000100F20301" 
  		DeviceType="0x0760"
  		DeviceVersion="1"
			DeviceTypeAddr="0x07c4"
			VersionAddr="0x07c8"
			StartAddr="0x10000"
			EndAddr="0x9ffff"/>
			
			<!-- AS730N  的电子标签，目的实现730N、760N、715N互刷 -->
			<Module 
			Elec="000100F202015604000000640201000000090000000000000000000100F20301" 
  		DeviceType="0x0760"
  		DeviceVersion="2"
			DeviceTypeAddr="0x07c4"
			VersionAddr="0x07c8"
			StartAddr="0x20000"
			EndAddr="0x9ffff"/>
			
			<!-- AS715N MCU1 的电子标签，目的实现730N、760N、715N互刷 -->
  		<Module 
  		Elec="000100F202015604000000640201000000090000000000000000000100F20301"
  		DeviceType="0x0760"
  		DeviceVersion="2"
  		DeviceTypeAddr="0x07c4"
	  	VersionAddr="0x07c8"
	  	StartAddr="0x20000"
	  	EndAddr="0x9ffff"/> 
	  	
		</DeviceName>
			
		
		<DeviceName Name = "ANCTL AS770N Servo Driver">	
			<!-- AS770N FPGA -->
			<Module 
  		Elec="000100F205017D17000000000903000000020000000000000000000000000000"
  		DeviceType="0x0770"
  		DeviceVersion="1"
  		DeviceTypeAddr="0x07c4"
	  	VersionAddr="0x07cc"
	  	StartAddr="0x00000"
	  	EndAddr="0x9ffff"/> 
	  	
	  	<!-- AS770N MCU -->
	  	<Module 
  		Elec="000100F205017D17000000000203000000020000000000000000000000000000"  
  		DeviceType="0x0770"
  		DeviceVersion="1"
  		DeviceTypeAddr="0x07c4"
  		VersionAddr="0x07c8"
  		StartAddr="0x20000"  
  		EndAddr="0x9ffff"/> 			
		</DeviceName>		
		
		
		<DeviceName Name = "ANCTL AS770ND Servo Driver">	
			<!-- AS770ND FPGA -->
			<Module 
  		Elec="000100F2052100000000000109040001000100010003FFFFFFFFFFFFFFFFFFFF"
  		DeviceType="0x2770"
  		DeviceVersion="1"
  		DeviceTypeAddr="0x07c4"
	  	VersionAddr="0x07cc"
	  	StartAddr="0x00000"
	  	EndAddr="0x9ffff"/> 
	  	
	  	<!-- AS770ND MCU -->
	  	<Module 
  		Elec="000100F2052100000000000102050001000100010001FFFFFFFFFFFFFFFFFFFF"  
  		DeviceType="0x2770"
  		DeviceVersion="1"
  		DeviceTypeAddr="0x07c4"
  		VersionAddr="0x07c8"
  		StartAddr="0x20000"  
  		EndAddr="0x9ffff"/> 			
		</DeviceName>		
		
		<DeviceName Name = "LXM18ME Servo Driver">		  	
	  	<!-- AS770N FPGA -->
		<Module 
  		Elec="000100F2060300000000000109030001000100010003FFFFFFFFFFFFFFFFFFFF"
  		DeviceType="0x10001104"
  		DeviceVersion="1"
  		DeviceTypeAddr="0x07c4"
	  	VersionAddr="0x07cc"
	  	StartAddr="0x00000"
	  	EndAddr="0x9ffff"/> 
		<!-- AS770N MCU -->
	  	<Module 
  		Elec="000100F2060300000000000102030001000100010001FFFFFFFFFFFFFFFFFFFF"  
  		DeviceType="0x10001104"
  		DeviceVersion="1"
  		DeviceTypeAddr="0x07c4"
  		VersionAddr="0x07c8"
  		StartAddr="0x20000"  
  		EndAddr="0x9ffff"/> 			
		</DeviceName>				

		
		<DeviceName Name = "ANCTL AS715N Servo Driver">	
			<!-- AS715N FPGA -->
			<Module 
  		Elec="000100F2050500000000000109040001000100010003FFFFFFFFFFFFFFFFFFFF"
  		DeviceType="0x0715"
  		DeviceVersion="1"
  		DeviceTypeAddr="0x07c4"
	  	VersionAddr="0x07cc"
	  	StartAddr="0x00000"
	  	EndAddr="0xfffff"/> 
	  	
	  	<!-- AS715N MCU -->
	  	<Module 
  		Elec="000100F2050500000000000103090001000100010001FFFFFFFFFFFFFFFFFFFF"  
  		DeviceType="0x0715"
  		DeviceVersion="1"
  		DeviceTypeAddr="0x07c4"
  		VersionAddr="0x07c8"
  		StartAddr="0x11000"  
  		EndAddr="0x7ffff"/> 	
  		
  		<!-- AS715N MCU1 -->
  		<Module 
  		Elec="000100F202015604000000640201000000090000000000000000000100F20301"
  		DeviceType="0x0715"
  		DeviceVersion="2"
  		DeviceTypeAddr="0x07c4"
	  	VersionAddr="0x07c8"
	  	StartAddr="0x20000"
	  	EndAddr="0x9ffff"/> 
	  	
	  	<!-- AS715N MCU2 -->
  		<Module 
  		Elec="000100F20505000000000001030A0001000100010001FFFFFFFFFFFFFFFFFFFF"
  		DeviceType="0x0715"
  		DeviceVersion="2"
  		DeviceTypeAddr="0x07c4"
	  	VersionAddr="0x07c8"
	  	StartAddr="0x20000"
	  	EndAddr="0x9ffff"/> 

			<!-- AS730N 的电子标签，目的实现730N、760N、715N互刷 -->
			<Module 
  		Elec="000100F202015604000000640201000000090000000000000000000100F20301" 
  		DeviceType="0x0715"
  		DeviceVersion="1"
			DeviceTypeAddr="0x07c4"
			VersionAddr="0x07c8"
			StartAddr="0x10000"
			EndAddr="0x9ffff"/>
			
			<!-- AS730N 的电子标签，目的实现730N、760N、715N互刷 -->
			<Module 
			Elec="000100F202015604000000640201000000090000000000000000000100F20301" 
  		DeviceType="0x0715"
  		DeviceVersion="2"
			DeviceTypeAddr="0x07c4"
			VersionAddr="0x07c8"
			StartAddr="0x20000"
			EndAddr="0x9ffff"/>
			
			<!-- AS760N 的电子标签，目的实现730N、760N、715N互刷 -->
			<Module 
  		Elec="000100F203015604000000640201000000090000000000000000000100F20301"
  		DeviceType="0x0715"
  		DeviceVersion="1"
  		DeviceTypeAddr="0x07c4"
	  	VersionAddr="0x07c8"
	  	StartAddr="0x10000"
	  	EndAddr="0x9ffff"/> 
	  	
	  	<!-- AS760N 的电子标签，目的实现730N、760N、715N互刷 -->
	  	<Module 
  		Elec="000100F203015604000000640201000000090000000000000000000100F20301"
  		DeviceType="0x0715"
  		DeviceVersion="2"
  		DeviceTypeAddr="0x07c4"
	  	VersionAddr="0x07c8"
	  	StartAddr="0x20000"
	  	EndAddr="0x9ffff"/> 
	  	
		</DeviceName>	
				
		<DeviceName Name = "ANCTL AS735N Servo Driver">	
			<!-- AS735N FPGA -->
			<Module 
  		Elec="000100F2050500000000000109040001000100010003FFFFFFFFFFFFFFFFFFFF"
  		DeviceType="0x0735"
  		DeviceVersion="1"
  		DeviceTypeAddr="0x07c4"
	  	VersionAddr="0x07cc"
	  	StartAddr="0x00000"
	  	EndAddr="0xfffff"/> 
	  	
	  	<!-- AS735N MCU -->
	  	<Module 
  		Elec="000100F2050500000000000103090001000100010001FFFFFFFFFFFFFFFFFFFF"  
  		DeviceType="0x0735"
  		DeviceVersion="1"
  		DeviceTypeAddr="0x07c4"
  		VersionAddr="0x07c8"
  		StartAddr="0x11000"  
  		EndAddr="0x7ffff"/> 		
  		
  		<!-- AS735N MCU -->
	  	<Module 
  		Elec="000100F20505000000000001030A0001000100010001FFFFFFFFFFFFFFFFFFFF"  
  		DeviceType="0x0735"
  		DeviceVersion="1"
  		DeviceTypeAddr="0x07c4"
  		VersionAddr="0x07c8"
  		StartAddr="0x11000"  
  		EndAddr="0x7ffff"/> 	
  			
		</DeviceName>	



		<DeviceName Name = "ANCTL AS780N Servo Driver">	
			<!-- 780N FPGA -->
			<Module 
  		Elec="000100F204017D17000000000903000000020000000000000000000000000000"
  		DeviceType="0x0780"
  		DeviceVersion="1"
  		DeviceTypeAddr="0x07c4"
	  	VersionAddr="0x07cc"
	  	StartAddr="0x00000"
	  	EndAddr="0x9ffff"/> 
	  	
	  	<!-- 780N MCU -->
	  	<Module 
  		Elec="000100F204017D17000000000203000000020000000000000000000000000000"  
  		DeviceType="0x0780"
  		DeviceVersion="1"
  		DeviceTypeAddr="0x07c4"
  		VersionAddr="0x07c8"
  		StartAddr="0x20000"  
  		EndAddr="0x9ffff"/> 			
		</DeviceName>		
		
		<DeviceName Name = "ANCTL AS780LN Servo Driver">	
			<!-- 780LN FPGA -->
			<Module 
  		Elec="000100F2041100000000000109030001000100010003FFFFFFFFFFFFFFFFFFFF"
  		DeviceType="0x0780"
  		DeviceVersion="1"
  		DeviceTypeAddr="0x07c4"
	  	VersionAddr="0x07cc"
	  	StartAddr="0x00000"
	  	EndAddr="0x9ffff"/> 
	  	
	  	<!-- 780LN MCU -->
	  	<Module 
  		Elec="000100F2041100000000000102030001000100010001FFFFFFFFFFFFFFFFFFFF"  
  		DeviceType="0x0780"
  		DeviceVersion="1"
  		DeviceTypeAddr="0x07c4"
  		VersionAddr="0x07c8"
  		StartAddr="0x20000"  
  		EndAddr="0x9ffff"/> 			
		</DeviceName>		
		
		<DeviceName Name = "ANCTL SynEcat Driver">			
			<!-- SynEcat[RZN2]网关Gateware-->
			<Module 
  		Elec="000100f002020001000100010203000100010001FFFFFFFFFFFFFFFFFFFFFFFF"
  		DeviceType="NULL"
  		DeviceVersion="1"
  		DeviceTypeAddr="NULL"
	  	VersionAddr="NULL"
	  	StartAddr="0x00000"
	  	EndAddr="EOF"/> 
	  	
	  	<!-- SynEcat[G491]变频器-->
	  	<Module 
  		Elec="000100f002010001000100010103000100010001FFFFFFFFFFFFFFFFFFFFFFFF"
  		DeviceType="NULL"
  		DeviceVersion="1"
	  	DeviceTypeAddr="NULL"
	  	VersionAddr="NULL"
	  	StartAddr="0x00000"
	  	EndAddr="EOF"/> 			
		</DeviceName>
	</SupportDevice>	
</FOE>