<Root>
 <ERASE_MEM_AREA>
 	  <ERASE_AREA Index="1" StartAddress="0x00110008" EndAddress="0x00110008" Length="0x00062ff8" />
	  <ERASE_AREA Index="2" StartAddress="0x801FC000" EndAddress="0x801FFFFF" Length="0x00004000" />
  </ERASE_MEM_AREA>
  <CANID>
		<SEND_CAN_ID ID="0x18da72f1"/>
		<RECV_CAN_ID ID="0x18daf172"/>
		<FUNC_CAN_ID ID="0x18dbfff1"/>
  </CANID>
  <DRIVE_MEM_AREA>
    <DRIVE_AREA  Index="1" StartAddress="0x00012000" EndAddress="0x00013FFF" Length="0x000002000"/>
  </DRIVE_MEM_AREA>
</Root>